   Compiling semantic_views v0.12.0 (/home/user/duckdb-semantic-views)
    Finished `test` profile [unoptimized + debuginfo] target(s) in 1m 23s
     Running unittests src/lib.rs (target/debug/deps/semantic_views-73321f30e0988d53)

running 1318 tests
test body_parser::clause_bounds::tests::char_at_decodes_codepoint_and_handles_eof ... ok
test body_parser::clause_bounds::tests::expected_paren_multibyte_char_reported_verbatim ... ok
test body_parser::clause_bounds::tests::out_of_order_caret_honours_base_offset ... ok
test body_parser::clause_bounds::tests::all_two_clause_order_inversions_rejected_with_caret ... ok
test body_parser::clause_bounds::tests::unexpected_ascii_char_reported ... ok
test body_parser::clause_bounds::tests::keyword_list_errors_include_materializations ... ok
test body_parser::clause_bounds::tests::unexpected_multibyte_char_reported_verbatim ... ok
test body_parser::cursor::tests::abs_carets_are_base_relative ... ok
test body_parser::cursor::tests::find_all_kw_depth0_tiles_and_ignores_nested_and_quoted ... ok
test body_parser::cursor::tests::find_kw_pair_only_matches_adjacent_words ... ok
test body_parser::cursor::tests::find_kw_skips_quoted_and_strings ... ok
test body_parser::cursor::tests::find_kw_seq_depth0_ignores_nested_run ... ok
test body_parser::cursor::tests::find_kw_seq_matches_consecutive_words ... ok
test body_parser::cursor::tests::peek_bump_and_kw ... ok
test body_parser::cursor::tests::rest_returns_remaining_source ... ok
test body_parser::cursor::tests::take_parens_is_quote_and_nest_aware ... ok
test body_parser::cursor::tests::take_parens_not_a_paren_is_none ... ok
test body_parser::cursor::tests::take_parens_unclosed_is_none ... ok
test body_parser::cursor::tests::unterminated_tail_reports_open_quote_kind ... ok
test body_parser::lexer::tests::bare_idents_and_symbols ... ok
test body_parser::lexer::tests::dollar_string_is_one_opaque_token ... ok
test body_parser::lexer::tests::dotted_name_is_ident_dot_ident ... ok
test body_parser::lexer::tests::keyword_inside_quoted_ident_is_one_token ... ok
test body_parser::lexer::tests::lone_dollar_and_positional_param_are_symbols ... ok
test body_parser::lexer::tests::non_ascii_is_one_bare_ident_no_midcodepoint_span ... ok
test body_parser::lexer::tests::paren_group_tokens ... ok
test body_parser::lexer::tests::quoted_ident_doubled_quote_escape ... ok
test body_parser::lexer::tests::string_literal_with_escape_and_keywords ... ok
test body_parser::lexer::tests::quoted_ident_keeps_quotes_and_inner_bytes ... ok
test body_parser::lexer::tests::tagged_dollar_string_closes_on_matching_tag_only ... ok
test body_parser::lexer::tests::unterminated_dollar_string_spans_to_eof ... ok
test body_parser::lexer::tests::unterminated_quote_and_string ... ok
test body_parser::lexer::tests::well_formed_over_hostile_inputs ... ok
test body_parser::tests::block_comment_between_clauses_is_inert ... ok
test body_parser::tests::block_comment_inside_clause_parens_is_inert ... ok
test body_parser::tests::caret_after_in_body_comment_is_honest ... ok
test body_parser::tests::dollar_quoted_dimension_expr_is_one_entry ... ok
test body_parser::tests::dollar_quoted_dimension_close_paren_is_inert ... ok
test body_parser::tests::dollar_quoted_metric_keyword_is_inert ... ok
test body_parser::tests::empty_materializations_clause_parses ... ok
test body_parser::tests::empty_dimensions_and_metrics_both_present_is_ok ... ok
test body_parser::tests::empty_metrics_only_still_requires_tables_and_d_or_m_by_presence ... ok
test body_parser::tests::empty_tables_clause_parses_to_zero_tables ... ok
test body_parser::tests::f11_empty_quoted_dimension_alias_rejected ... ok
test body_parser::tests::f11_empty_quoted_table_alias_rejected ... ok
test body_parser::tests::f12_private_on_dimension_still_rejected ... ok
test body_parser::tests::f12_public_on_dimension_accepted ... ok
test body_parser::tests::f12_with_synonyms_with_equals_still_accepted ... ok
test body_parser::tests::f12_with_synonyms_without_equals_accepted ... ok
test body_parser::tests::f14_qualified_entry_with_dotted_expression_still_parses ... ok
test body_parser::tests::f14_unqualified_name_reports_qualifier_not_missing_as ... ok
test body_parser::tests::f15_annotation_errors_carry_carets ... ok
test body_parser::tests::f6_entry_level_comment_not_mistaken_for_view_comment ... ok
test body_parser::tests::f16_leading_as_requires_word_boundary ... ok
test body_parser::tests::f6_no_trailing_comment_is_none ... ok
test body_parser::tests::f6_trailing_view_comment_extracted ... ok
test body_parser::tests::f6_view_level_synonyms_rejected ... ok
test body_parser::tests::f7_tables_bare_name_defaults_alias ... ok
test body_parser::tests::f7_alias_less_qualified_name_uses_last_component ... ok
test body_parser::tests::f7_tables_bare_name_no_constraint ... ok
test body_parser::tests::f7_tables_explicit_alias_still_parses ... ok
test body_parser::tests::f7_tables_quoted_bare_name ... ok
test body_parser::tests::f9_derived_metric_multi_token_name_rejected ... ok
test body_parser::tests::f9_dimension_multi_token_name_rejected ... ok
test body_parser::tests::f9_metric_multi_token_name_rejected ... ok
test body_parser::tests::f9_quoted_name_with_space_still_valid ... ok
test body_parser::tests::f9_relationship_multi_token_name_rejected ... ok
test body_parser::tests::find_clause_bounds_basic_tables_dimensions_metrics ... ok
test body_parser::tests::find_clause_bounds_rejects_duplicate_dimensions ... ok
test body_parser::tests::find_clause_bounds_nested_pk_not_confused ... ok
test body_parser::tests::find_clause_bounds_rejects_duplicate_tables ... ok
test body_parser::tests::find_clause_bounds_rejects_missing_tables ... ok
test body_parser::tests::find_clause_bounds_rejects_unknown_keyword ... ok
test body_parser::tests::metric_non_additive_missing_paren_caret_accounts_for_access_modifier ... ok
test body_parser::tests::find_clause_bounds_with_relationships ... ok
test body_parser::tests::multiple_unique_constraints ... ok
test body_parser::tests::old_cardinality_keywords_rejected ... ok
test body_parser::tests::parse_keyword_body_all_lowercase_full_round_trip ... ok
test body_parser::tests::parse_keyword_body_basic ... ok
test body_parser::tests::parse_keyword_body_deeply_nested_parens ... ok
test body_parser::tests::parse_keyword_body_error_missing_tables ... ok
test body_parser::tests::parse_keyword_body_empty_relationships ... ok
test body_parser::tests::parse_keyword_body_extra_spaces ... ok
test body_parser::tests::parse_keyword_body_fact_without_source_table_rejected ... ok
test body_parser::tests::parse_keyword_body_facts_after_dimensions_rejected ... ok
test body_parser::tests::parse_keyword_body_lowercase_clause_keywords ... ok
test body_parser::tests::parse_keyword_body_materialization_bad_dim_ref ... ok
test body_parser::tests::parse_keyword_body_materialization_bad_dim_ref_with_suggestion ... ok
test body_parser::tests::parse_keyword_body_materialization_bad_metric_ref ... ok
test body_parser::tests::parse_keyword_body_materialization_duplicate_name ... ok
test body_parser::tests::parse_keyword_body_materializations_before_metrics_rejected ... ok
test body_parser::tests::parse_keyword_body_mixed_whitespace_multientry ... ok
test body_parser::tests::parse_keyword_body_mixedcase_clause_keywords ... ok
test body_parser::tests::parse_keyword_body_newlines_between_clauses ... ok
test body_parser::tests::parse_keyword_body_non_additive_by_case_insensitive_dim_match ... ok
test body_parser::tests::parse_keyword_body_non_additive_by_integration ... ok
test body_parser::tests::parse_keyword_body_non_additive_by_invalid_dim_error ... ok
test body_parser::tests::parse_keyword_body_non_additive_by_valid_dim_success ... ok
test body_parser::tests::parse_keyword_body_only_derived_metrics ... ok
test body_parser::tests::parse_keyword_body_tabs_between_tokens ... ok
test body_parser::tests::parse_keyword_body_window_excluding_invalid_dim_error ... ok
test body_parser::tests::parse_keyword_body_window_inner_metric_invalid_error ... ok
test body_parser::tests::parse_keyword_body_window_metric_integration ... ok
test body_parser::tests::parse_keyword_body_window_order_by_invalid_dim_error ... ok
test body_parser::tests::parse_keyword_body_window_partition_by_integration ... ok
test body_parser::tests::parse_keyword_body_window_partition_by_invalid_dim_error ... ok
test body_parser::tests::parse_keyword_body_window_valid_refs_succeed ... ok
test body_parser::tests::parse_keyword_body_with_derived_metrics ... ok
test body_parser::tests::parse_keyword_body_with_empty_facts ... ok
test body_parser::tests::parse_keyword_body_with_facts_multiple ... ok
test body_parser::tests::parse_keyword_body_with_facts_single ... ok
test body_parser::tests::parse_keyword_body_with_facts_trailing_comma ... ok
test body_parser::tests::parse_keyword_body_with_materializations ... ok
test body_parser::tests::parse_keyword_body_with_relationships ... ok
test body_parser::tests::parse_keyword_body_with_using_metrics ... ok
test body_parser::tests::parse_keyword_body_without_facts_still_works ... ok
test body_parser::tests::parse_keyword_body_without_materializations_has_empty_vec ... ok
test body_parser::tests::parse_materializations_clause_dimensions_only ... ok
test body_parser::tests::parse_materializations_clause_metrics_only ... ok
test body_parser::tests::parse_materializations_clause_multiple_entries ... ok
test body_parser::tests::parse_materializations_clause_rejects_empty ... ok
test body_parser::tests::parse_materializations_clause_single_entry ... ok
test body_parser::tests::parse_materializations_duplicate_dimensions_rejected ... ok
test body_parser::tests::parse_materializations_duplicate_table_rejected ... ok
test body_parser::tests::parse_materializations_junk_after_list_rejected ... ok
test body_parser::tests::parse_materializations_junk_before_first_subclause_rejected ... ok
test body_parser::tests::parse_materializations_leading_symbol_is_missing_name ... ok
test body_parser::tests::parse_materializations_qualified_table_name ... ok
test body_parser::tests::parse_materializations_quoted_name_with_space ... ok
test body_parser::tests::parse_materializations_quoted_specials_do_not_split ... ok
test body_parser::tests::parse_materializations_unquoted_keyword_name_nested_not_a_subkeyword ... ok
test body_parser::tests::parse_materializations_unterminated_name_rejected_cleanly ... ok
test body_parser::tests::parse_metrics_clause_empty_body ... ok
test body_parser::tests::parse_metrics_clause_mixed_entries ... ok
test body_parser::tests::parse_metrics_clause_newline_separated ... ok
test body_parser::tests::parse_metrics_clause_qualified_entry ... ok
test body_parser::tests::parse_metrics_clause_trailing_comma ... ok
test body_parser::tests::parse_metrics_clause_unqualified_entry ... ok
test body_parser::tests::parse_metrics_non_additive_by_desc_nulls_first ... ok
test body_parser::tests::parse_metrics_non_additive_by_multiple_dims ... ok
test body_parser::tests::parse_metrics_non_additive_by_on_derived_produces_error ... ok
test body_parser::tests::parse_metrics_non_additive_by_single_dim_defaults ... ok
test body_parser::tests::parse_metrics_non_additive_by_with_using ... ok
test body_parser::tests::parse_metrics_using_case_insensitive ... ok
test body_parser::tests::parse_metrics_using_multiple_relationships ... ok
test body_parser::tests::parse_metrics_using_nested_as_splits_at_structural_as ... ok
test body_parser::tests::parse_metrics_using_on_derived_produces_error ... ok
test body_parser::tests::parse_metrics_using_single_relationship ... ok
test body_parser::tests::parse_metrics_window_lag_with_extra_args ... ok
test body_parser::tests::parse_metrics_window_over_basic ... ok
test body_parser::tests::parse_metrics_window_over_no_over_returns_none ... ok
test body_parser::tests::parse_metrics_window_over_on_derived_produces_error ... ok
test body_parser::tests::parse_metrics_window_over_order_by_desc_nulls ... ok
test body_parser::tests::parse_metrics_window_over_with_frame_clause ... ok
test body_parser::tests::parse_keyword_body_large_metrics_clause ... ok
test body_parser::tests::parse_metrics_window_over_with_non_additive_by_produces_error ... ok
test body_parser::tests::parse_metrics_window_partition_by_explicit ... ok
test body_parser::tests::parse_metrics_window_partition_by_multiple_dims ... ok
test body_parser::tests::parse_metrics_without_using_backward_compat ... ok
test body_parser::tests::parse_metrics_window_partition_by_no_order ... ok
test body_parser::tests::parse_qualified_entries_error_missing_dot ... ok
test body_parser::tests::parse_qualified_entries_lowercase_as ... ok
test body_parser::tests::parse_qualified_entries_multiple_with_trailing_comma ... ok
test body_parser::tests::parse_qualified_entries_nested_parens ... ok
test body_parser::tests::parse_qualified_entries_simple ... ok
test body_parser::tests::parse_qualified_entries_newline_separated ... ok
test body_parser::tests::parse_qualified_entries_still_rejects_unqualified ... ok
test body_parser::tests::parse_qualified_entries_trailing_comma ... ok
test body_parser::tests::parse_relationship_without_cardinality_defaults ... ok
test body_parser::tests::parse_relationships_composite_fk ... ok
test body_parser::tests::parse_relationships_empty_body ... ok
test body_parser::tests::parse_relationships_error_missing_name ... ok
test body_parser::tests::parse_relationships_junk_before_references_rejected ... ok
test body_parser::tests::parse_relationships_lowercase_as_and_references ... ok
test body_parser::tests::parse_relationships_multi_token_from_alias_rejected ... ok
test body_parser::tests::parse_relationships_newline_separated ... ok
test body_parser::tests::parse_relationships_quoted_paren_in_fk_column ... ok
test body_parser::tests::parse_relationships_quoted_paren_in_from_alias ... ok
test body_parser::tests::parse_relationships_single_entry ... ok
test body_parser::tests::parse_tables_extra_whitespace_around_tokens ... ok
test body_parser::tests::parse_tables_composite_pk ... ok
test body_parser::tests::parse_tables_lowercase_as_and_primary_key ... ok
test body_parser::tests::parse_tables_primary_key_with_newline ... ok
test body_parser::tests::parse_tables_schema_qualified ... ok
test body_parser::tests::parse_tables_primary_key_with_tab ... ok
test body_parser::tests::parse_tables_single_pk ... ok
test body_parser::tests::parse_tables_two_words_before_constraint_rejected ... ok
test body_parser::tests::parse_tables_without_primary_key_is_valid ... ok
test body_parser::tests::references_multi_column_list ... ok
test body_parser::tests::references_target_no_space_before_paren ... ok
test body_parser::tests::references_target_space_before_paren ... ok
test body_parser::tests::references_with_column_list ... ok
test body_parser::tests::references_without_column_list ... ok
test body_parser::tests::split_dollar_paren_does_not_change_depth ... ok
test body_parser::tests::split_empty_body ... ok
test body_parser::tests::split_dollar_quoted_comma_not_split ... ok
test body_parser::tests::split_leading_and_interior_empty_entries_rejected ... ok
test body_parser::tests::split_lone_dollar_is_live_not_a_tag ... ok
test body_parser::tests::split_nested_parens_not_split ... ok
test body_parser::tests::split_simple_three_entries ... ok
test body_parser::tests::split_offset_points_at_trimmed_entry ... ok
test body_parser::tests::split_tagged_dollar_quoted_comma_not_split ... ok
test body_parser::tests::split_string_literal_comma_not_split ... ok
test body_parser::tests::split_trailing_comma_discarded ... ok
test body_parser::tests::table_with_unique_no_pk ... ok
test body_parser::tests::t13_stray_comma_in_clause_rejected_end_to_end ... ok
test body_parser::tests::table_without_primary_key ... ok
test body_parser::tests::test_annotation_both_orders_still_parse ... ok
test body_parser::tests::test_annotation_duplicate_comment_rejected ... ok
test body_parser::tests::test_annotation_duplicate_synonyms_rejected ... ok
test body_parser::tests::test_annotation_keyword_word_boundary_preserved ... ok
test body_parser::tests::test_annotation_scan_non_ascii_expression_no_panic ... ok
test body_parser::tests::test_annotation_trailing_garbage_rejected ... ok
test body_parser::tests::test_annotation_with_without_synonyms_rejected ... ok
test body_parser::tests::test_bare_paren_immediately_after_name_terminates_name ... ok
test body_parser::tests::test_as_keyword_requires_boundary_in_tables_and_materializations ... ok
test body_parser::tests::test_comment_annotation_non_ascii_payload_survives ... ok
test body_parser::tests::test_comment_and_synonyms_either_order ... ok
test body_parser::tests::test_comment_identifier_not_confused ... ok
test body_parser::tests::test_default_public_metric ... ok
test body_parser::tests::test_dimension_with_comment ... ok
test body_parser::tests::test_dimension_with_synonyms ... ok
test body_parser::tests::test_dot_inside_quoted_name_not_a_qualifier ... ok
test body_parser::tests::test_escaped_quotes_in_comment ... ok
test body_parser::tests::test_explicit_public_metric ... ok
test body_parser::tests::test_full_keyword_body_with_all_metadata ... ok
test body_parser::tests::test_keyword_not_matched_before_non_ascii_continuation ... ok
test body_parser::tests::test_keyword_scan_over_non_ascii_no_panic ... ok
test body_parser::tests::test_keyword_boundaries_reject_underscore_and_non_ascii_continuation ... ok
test body_parser::tests::test_leading_symbol_in_name_slot_is_missing_name ... ok
test body_parser::tests::test_metric_junk_after_non_additive_by_rejected ... ok
test body_parser::tests::test_metric_junk_after_using_rejected ... ok
test body_parser::tests::test_metric_using_then_non_additive_by_still_parses ... ok
test body_parser::tests::test_no_pk_table_comment_and_synonyms_preserved ... ok
test body_parser::tests::test_metric_with_using_and_comment ... ok
test body_parser::tests::test_non_ascii_name_then_primary_key_no_panic ... ok
test body_parser::tests::test_non_additive_by_flexible_spacing ... ok
test body_parser::tests::test_over_clause_error_position_is_expression_relative ... ok
test body_parser::tests::test_over_frame_only_still_parses ... ok
test body_parser::tests::test_over_junk_before_partition_by_rejected ... ok
test body_parser::tests::test_over_junk_content_rejected_as_frame ... ok
test body_parser::tests::test_over_order_by_before_partition_by_rejected ... ok
test body_parser::tests::test_over_order_by_frame_keyword_name_rejected ... ok
test body_parser::tests::test_over_order_junk_before_by_rejected ... ok
test body_parser::tests::test_over_order_without_by_rejected ... ok
test body_parser::tests::test_over_partition_and_order_by_with_interior_whitespace ... ok
test body_parser::tests::test_over_well_formed_partition_order_still_parses ... ok
test body_parser::tests::test_over_partition_dim_named_like_frame_keyword ... ok
test body_parser::tests::test_parse_non_additive_dims_dotted_path ... ok
test body_parser::tests::test_parse_non_additive_dims_quoted_identifier_with_whitespace ... ok
test body_parser::tests::test_parse_non_additive_dims_regression_bare_no_whitespace ... ok
test body_parser::tests::test_parse_non_additive_dims_unterminated_quote ... ok
test body_parser::tests::test_parse_single_table_entry_3part_quoted_fqn_with_whitespace ... ok
test body_parser::tests::test_parse_single_table_entry_annotation_before_unique_rejected ... ok
test body_parser::tests::test_parse_single_table_entry_comment_before_pk_rejected ... ok
test body_parser::tests::test_parse_single_table_entry_full_form_still_parses ... ok
test body_parser::tests::test_parse_single_table_entry_junk_before_pk_caret_position ... ok
test body_parser::tests::test_parse_single_table_entry_junk_before_pk_rejected ... ok
test body_parser::tests::test_parse_single_table_entry_junk_between_pk_and_unique_rejected ... ok
test body_parser::tests::test_parse_single_table_entry_mixed_quoted_and_bare ... ok
test body_parser::tests::test_parse_single_table_entry_quoted_containing_primary_key_substring ... ok
test body_parser::tests::test_parse_single_table_entry_quoted_with_doubled_escape_balanced ... ok
test body_parser::tests::test_parse_single_table_entry_quoted_with_internal_whitespace ... ok
test body_parser::tests::test_parse_single_table_entry_quoted_with_unique_no_pk ... ok
test body_parser::tests::test_parse_single_table_entry_regression_no_whitespace ... ok
test body_parser::tests::test_parse_single_table_entry_reserved_keyword_after_as_foreign ... ok
test body_parser::tests::test_parse_single_table_entry_reserved_keyword_after_as_lowercase ... ok
test body_parser::tests::test_parse_single_table_entry_reserved_keyword_after_as_not ... ok
test body_parser::tests::test_parse_single_table_entry_reserved_keyword_after_as_primary ... ok
test body_parser::tests::test_parse_single_table_entry_reserved_keyword_after_as_references ... ok
test body_parser::tests::test_parse_single_table_entry_reserved_keyword_after_as_unique ... ok
test body_parser::tests::test_parse_single_table_entry_unbalanced_after_doubled_escape ... ok
test body_parser::lexer::tests::proptests::tiling_holds_over_arbitrary_unicode ... ok
test body_parser::tests::test_parse_single_table_entry_unterminated_quote ... ok
test body_parser::tests::test_parse_single_table_entry_unique_inside_comment_string_ok ... ok
test body_parser::tests::test_parse_window_spec_dotted_order_by ... ok
test body_parser::tests::test_parse_window_spec_quoted_order_by ... ok
test body_parser::tests::test_parse_window_spec_unterminated_quote_order_by ... ok
test body_parser::tests::test_parse_window_spec_regression_bare_order_by ... ok
test body_parser::tests::test_primary_key_inside_comment_string_not_fabricated ... ok
test body_parser::tests::test_private_dimension_rejected ... ok
test body_parser::tests::test_private_fact_structural_error_caret_after_modifier ... ok
test body_parser::tests::test_private_fact ... ok
test body_parser::tests::test_private_keyword_disambiguation ... ok
test body_parser::tests::test_quoted_comment_column_usable_in_expression ... ok
test body_parser::tests::test_private_metric ... ok
test body_parser::tests::test_quoted_dot_in_alias_not_a_qualifier ... ok
test body_parser::tests::test_split_commas_ignores_comma_inside_quoted_ident ... ok
test body_parser::tests::test_synonyms_annotation_non_ascii_payload_survives ... ok
test body_parser::tests::test_quoted_ident_with_paren_does_not_close_clause ... ok
test body_parser::tests::test_table_entry_trailing_garbage_errors ... ok
test body_parser::tests::test_underscore_joined_primary_in_name_is_not_a_constraint ... ok
test body_parser::tests::test_table_with_comment_and_synonyms ... ok
test body_parser::tests::test_unique_inside_comment_string_not_fabricated ... ok
test body_parser::tests::test_unterminated_quote_in_dimension_entry_errors ... ok
test body_parser::tests::unique_constraint_parsing ... ok
test body_parser::tests::trailing_text_after_references_rejected ... ok
test body_parser::tests::unterminated_dollar_in_clause_reports_precise_error ... ok
test catalog::tests::definitions_table_const_is_consistent ... ok
test body_parser::lexer::tests::proptests::tiling_holds_over_hostile_alphabet ... ok
test catalog::tests::init_catalog_creates_schema_and_table ... ok
test catalog::tests::init_catalog_writes_when_writable ... ok
test catalog::tests::init_catalog_skips_writes_on_readonly ... ok
test catalog::tests::pragma_database_list_returns_file_path ... ok
test catalog::tests::migration_corrupt_companion_file_errors_and_survives ... ok
test catalog::tests::pragma_database_list_returns_none_for_in_memory ... ok
test catalog::tests::two_statement_guard_then_dml_smoke ... ok
test catalog::tests::persist_02_rollback_leaves_catalog_unchanged ... ok
test catalog::tests::view_not_found_msg_wording ... ok
test catalog::writes::tests::definitions_table_guard_emits_information_schema_check ... ok
test catalog::writes::tests::definitions_table_guard_escapes_quotes_in_name ... ok
test catalog::writes::tests::existence_guard_select_doubles_quotes_in_name ... ok
test catalog::writes::tests::existence_guard_select_emits_not_exists_and_error ... ok
test catalog::writes::tests::managed_catalog_guard_detects_cross_catalog_via_duckdb_tables ... ok
test catalog::writes::tests::rename_collision_guard_select_emits_exists_and_error ... ok
test errors::tests::display_emits_message_without_position ... ok
test errors::tests::positionless_has_no_caret_and_displays_message ... ok
test errors::tests::usable_as_std_error ... ok
test expand::facts::tests::collect_transitive_metric_names_derived_and_window ... ok
test expand::facts::tests::inline_derived_metrics_chained_derived_not_rescanned ... ok
test expand::facts::tests::inline_derived_metrics_cycle_returns_err ... ok
test expand::facts::tests::inline_derived_metrics_depth_limit_exceeded ... ok
test expand::facts::tests::inline_derived_metrics_does_not_capture_qualified_column_on_other_table ... ok
test expand::facts::tests::inline_derived_metrics_keeps_count_star_on_base_table ... ok
test expand::facts::tests::inline_derived_metrics_leaves_string_literals_intact ... ok
test expand::facts::tests::inline_derived_metrics_mixed_case_references_are_inlined ... ok
test expand::facts::tests::inline_derived_metrics_name_matching_column_is_not_double_substituted ... ok
test expand::facts::tests::inline_derived_metrics_normal_succeeds ... ok
test expand::facts::tests::inline_derived_metrics_quoted_and_mixed_case_references_are_inlined ... ok
test expand::facts::tests::inline_derived_metrics_records_no_pk_failure ... ok
test expand::facts::tests::inline_derived_metrics_rewrite_propagates_into_derived ... ok
test expand::facts::tests::inline_derived_metrics_rewrites_count_star_on_non_base_table ... ok
test expand::facts::tests::inline_facts_cross_table_own_qualified_reference_is_inlined ... ok
test expand::facts::tests::inline_facts_does_not_capture_qualified_column_on_other_table ... ok
test expand::facts::tests::inline_facts_leaves_string_literals_intact ... ok
test expand::facts::tests::inline_facts_mixed_case_references_are_inlined ... ok
test expand::facts::tests::inline_facts_quoted_reference_is_inlined ... ok
test expand::facts::tests::max_derivation_depth_constant ... ok
test expand::facts::tests::rewrite_count_star_basic ... ok
test expand::facts::tests::rewrite_count_star_inside_larger_expression ... ok
test expand::facts::tests::rewrite_count_star_none_when_absent ... ok
test expand::facts::tests::rewrite_count_star_preserves_case_and_handles_spaces ... ok
test expand::facts::tests::rewrite_count_star_skips_string_literals_and_word_boundaries ... ok
test expand::facts::tests::test_collect_derived_metric_using_base_with_using ... ok
test expand::facts::tests::test_collect_derived_metric_using_derived_transitive ... ok
test expand::facts::tests::test_collect_derived_metric_using_multiple_transitive ... ok
test expand::facts::tests::test_collect_derived_metric_using_no_using ... ok
test expand::facts::tests::test_collect_source_tables_base_metric ... ok
test expand::facts::tests::test_collect_source_tables_cycle_handling ... ok
test expand::facts::tests::test_collect_source_tables_derived_transitive ... ok
test expand::facts::tests::test_inline_facts_chained_substitution ... ok
test expand::facts::tests::test_inline_facts_empty_facts ... ok
test expand::facts::tests::test_inline_facts_identity_qualified_no_double_sub ... ok
test expand::facts::tests::test_inline_facts_identity_referenced_by_metric ... ok
test expand::facts::tests::test_inline_facts_qualified_form ... ok
test expand::facts::tests::test_inline_facts_single_substitution ... ok
test expand::facts::tests::test_toposort_facts_chain ... ok
test expand::facts::tests::test_toposort_facts_cycle ... ok
test expand::facts::tests::test_toposort_facts_empty ... ok
test expand::facts::tests::test_toposort_facts_independent ... ok
test expand::facts::tests::test_toposort_facts_single ... ok
test expand::facts::tests::toposort_derived_detects_cycle ... ok
test expand::facts::tests::toposort_derived_no_cycle_succeeds ... ok
test expand::fan_trap::tests::test_check_fan_traps_empty_grain_base_metric_fanning_dim_errors ... ok
test expand::fan_trap::tests::test_check_fan_traps_incomplete_relationships_error ... ok
test expand::fan_trap::tests::test_check_fan_traps_many_to_one_fan_out ... ok
test expand::fan_trap::tests::test_check_fan_traps_many_to_one_safe_direction ... ok
test expand::fan_trap::tests::test_check_fan_traps_metric_metric_base_metric_participates ... ok
test expand::fan_trap::tests::test_check_fan_traps_metric_metric_chasm_trap_errors ... ok
test expand::fan_trap::tests::test_check_fan_traps_metric_metric_multi_grain_errors ... ok
test expand::fan_trap::tests::test_check_fan_traps_metric_metric_same_grain_allowed ... ok
test expand::fan_trap::tests::test_check_fan_traps_no_joins_ok ... ok
test expand::fan_trap::tests::test_check_fan_traps_one_to_one_safe ... ok
test expand::fan_trap::tests::test_check_fan_traps_parent_metric_alone_errors ... ok
test expand::fan_trap::tests::test_check_fan_traps_parent_metric_root_grain_errors ... ok
test expand::fan_trap::tests::test_check_fan_traps_role_playing_worst_case_cardinality ... ok
test expand::fan_trap::tests::test_check_fan_traps_root_and_child_metrics_allowed ... ok
test expand::fan_trap::tests::test_check_fan_traps_semi_additive_active_fanning_dim_errors ... ok
test expand::fan_trap::tests::test_check_fan_traps_semi_additive_active_safe_dim_ok ... ok
test expand::fan_trap::tests::test_check_fan_traps_semi_additive_regular_path_checked ... ok
test expand::fan_trap::tests::test_check_fan_traps_single_derived_multi_grain_errors ... ok
test expand::fan_trap::tests::test_check_fan_traps_single_derived_single_grain_allowed ... ok
test expand::fan_trap::tests::test_check_fan_traps_unbuildable_graph_errors ... ok
test expand::fan_trap::tests::test_check_fan_traps_window_metric_fanning_dim_errors ... ok
test expand::fan_trap::tests::test_check_fan_traps_window_metric_safe_direction_ok ... ok
test expand::fan_trap::tests::test_validate_fact_table_path_ancestor_descendant_ok ... ok
test expand::fan_trap::tests::test_validate_fact_table_path_divergent_tables_err ... ok
test expand::fan_trap::tests::test_validate_fact_table_path_no_joins_ok ... ok
test expand::fan_trap::tests::test_validate_fact_table_path_single_table_ok ... ok
test expand::join_resolver::tests::test_resolve_joins_pkfk_no_joins ... ok
test expand::join_resolver::tests::test_resolve_joins_pkfk_single_join ... ok
test expand::join_resolver::tests::test_resolve_joins_pkfk_with_using_relationship ... ok
test expand::join_resolver::tests::test_synthesize_on_clause_composite_keys ... ok
test expand::join_resolver::tests::test_synthesize_on_clause_empty_fk_columns ... ok
test expand::join_resolver::tests::test_synthesize_on_clause_scoped_falls_back_to_pk ... ok
test expand::join_resolver::tests::test_synthesize_on_clause_scoped_prefers_ref_columns ... ok
test expand::join_resolver::tests::test_synthesize_on_clause_scoped_uses_to_alias ... ok
test expand::join_resolver::tests::test_synthesize_on_clause_single_column ... ok
test expand::materialization::tests::case_insensitive_matching ... ok
test expand::materialization::tests::dimension_subset_in_mat_does_not_match ... ok
test expand::materialization::tests::dimension_superset_in_mat_does_not_match ... ok
test expand::materialization::tests::dimensions_only_query_does_not_match_mat_with_metrics ... ok
test expand::materialization::tests::dims_only_routed_query_selects_distinct ... ok
test expand::materialization::tests::empty_materializations_returns_none ... ok
test expand::materialization::tests::end_to_end_expand_matching_mat_produces_simple_select ... ok
test expand::materialization::tests::end_to_end_expand_no_match_produces_standard_expansion ... ok
test expand::materialization::tests::exact_match_returns_some_sql ... ok
test expand::materialization::tests::find_name_returns_matching_mat_name ... ok
test expand::materialization::tests::find_name_returns_none_for_empty_materializations ... ok
test expand::materialization::tests::find_name_returns_none_for_no_match ... ok
test expand::materialization::tests::find_name_returns_none_for_semi_additive ... ok
test expand::materialization::tests::find_name_returns_none_for_window ... ok
test expand::materialization::tests::first_matching_materialization_wins ... ok
test expand::materialization::tests::metric_superset_in_mat_does_not_match ... ok
test expand::materialization::tests::metrics_only_mat_matches_metrics_only_query ... ok
test expand::materialization::tests::multi_part_table_name_properly_quoted ... ok
test expand::materialization::tests::no_materialization_covers_request_returns_none ... ok
test expand::materialization::tests::output_type_on_dimension_produces_cast ... ok
test expand::materialization::tests::output_type_on_metric_produces_cast ... ok
test expand::materialization::tests::quote_insensitive_matching ... ok
test expand::materialization::tests::routed_query_with_metrics_does_not_select_distinct ... ok
test expand::materialization::tests::semi_additive_metric_returns_none_even_with_matching_mat ... ok
test expand::materialization::tests::window_metric_returns_none_even_with_matching_mat ... ok
test expand::per_grain::tests::coalesced_key_is_bare_for_one_grain_and_coalesced_beyond ... ok
test expand::per_grain::tests::edge_between_finds_either_direction ... ok
test expand::resolution::tests::find_lookup_tests::bare_lookup_unchanged ... ok
test expand::resolution::tests::find_lookup_tests::base_alias_matches_unqualified_dimension ... ok
test expand::resolution::tests::find_lookup_tests::base_alias_matches_unqualified_metric ... ok
test expand::resolution::tests::find_lookup_tests::dim_ref_key_resolves_to_declared_dimension_key ... ok
test expand::resolution::tests::find_lookup_tests::dim_ref_key_unresolved_never_collides_with_quoted_dotted_dim_name ... ok
test expand::resolution::tests::find_lookup_tests::qualified_dimension_matching_table_resolves ... ok
test expand::resolution::tests::find_lookup_tests::qualified_dimension_wrong_table_returns_none ... ok
test expand::resolution::tests::find_lookup_tests::qualified_metric_wrong_table_returns_none ... ok
test expand::resolution::tests::find_lookup_tests::quoted_stored_name_is_case_insensitive ... ok
test expand::resolution::tests::find_lookup_tests::unquoted_stored_name_matches_any_case_quoted_or_not ... ok
test expand::resolution::tests::qualify_and_quote_table_ref_tests::already_qualified_quoted_three_part_idempotent ... ok
test expand::resolution::tests::qualify_and_quote_table_ref_tests::already_qualified_quoted_two_part ... ok
test expand::resolution::tests::qualify_and_quote_table_ref_tests::already_qualified_three_part ... ok
test expand::resolution::tests::qualify_and_quote_table_ref_tests::already_qualified_two_part ... ok
test expand::resolution::tests::qualify_and_quote_table_ref_tests::bare_name_gets_db_schema_prepended ... ok
test expand::resolution::tests::qualify_and_quote_table_ref_tests::bare_name_no_db_no_schema ... ok
test expand::resolution::tests::qualify_and_quote_table_ref_tests::bare_name_with_only_schema ... ok
test expand::resolution::tests::qualify_and_quote_table_ref_tests::malformed_falls_through_to_prepend ... ok
test expand::resolution::tests::qualify_and_quote_table_ref_tests::quoted_bare_name_with_dot_inside_treated_as_single_part ... ok
test expand::resolution::tests::quote_ident_tests::embedded_double_quote ... ok
test expand::resolution::tests::quote_ident_tests::identifier_with_spaces ... ok
test expand::resolution::tests::quote_ident_tests::reserved_word ... ok
test expand::resolution::tests::quote_ident_tests::simple_identifier ... ok
test expand::resolution::tests::quote_table_ref_tests::already_quoted_simple ... ok
test expand::resolution::tests::quote_table_ref_tests::already_quoted_three_part ... ok
test expand::resolution::tests::quote_table_ref_tests::already_quoted_two_part ... ok
test expand::resolution::tests::quote_table_ref_tests::catalog_qualified ... ok
test expand::resolution::tests::quote_table_ref_tests::dot_inside_quoted_part ... ok
test expand::resolution::tests::quote_table_ref_tests::embedded_double_quote_in_quoted_part ... ok
test expand::resolution::tests::quote_table_ref_tests::embedded_quotes_in_parts ... ok
test expand::resolution::tests::quote_table_ref_tests::fully_qualified ... ok
test expand::resolution::tests::quote_table_ref_tests::idempotent_property_already_quoted_fqn ... ok
test expand::resolution::tests::quote_table_ref_tests::idempotent_property_bare ... ok
test expand::resolution::tests::quote_table_ref_tests::idempotent_property_fqn ... ok
test expand::resolution::tests::quote_table_ref_tests::malformed_falls_back ... ok
test expand::resolution::tests::quote_table_ref_tests::mixed_quoting_first_quoted ... ok
test expand::resolution::tests::quote_table_ref_tests::mixed_quoting_last_quoted ... ok
test expand::resolution::tests::quote_table_ref_tests::mixed_quoting_middle_quoted ... ok
test expand::resolution::tests::quote_table_ref_tests::reserved_word_parts ... ok
test expand::resolution::tests::quote_table_ref_tests::simple_table_name ... ok
test expand::resolution::tests::quote_table_ref_tests::whitespace_inside_quoted_part ... ok
test expand::role_playing::tests::check_fact_role_playing_path_propagates_uncheckable ... ok
test expand::role_playing::tests::role_playing_on_path_fails_loudly_on_uncheckable_definition ... ok
test expand::select_spec::tests::group_by_ordinals_flat_and_cte_indents ... ok
test expand::select_spec::tests::group_by_ordinals_zero_is_noop ... ok
test expand::select_spec::tests::matches_legacy_indented_format ... ok
test expand::select_spec::tests::render_base_table_distinct_no_group_by ... ok
test expand::select_spec::tests::render_base_table_with_group_by ... ok
test expand::select_spec::tests::render_named_source_no_group_by ... ok
test expand::select_spec::tests::render_named_source_with_group_by ... ok
test expand::select_spec::tests::rendered_expr_omits_alias ... ok
test expand::select_spec::tests::renders_with_cast ... ok
test expand::select_spec::tests::renders_without_cast ... ok
test expand::semi_additive::tests::execution::test_desc_selects_earliest_snapshot ... ok
test expand::semi_additive::tests::execution::test_dotted_na_dim_join_executes ... ok
test catalog::tests::migration_valid_companion_file_imports_then_deletes ... ok
test catalog::tests::upgrade_stamps_complete_rows_and_skips_incomplete ... ok
test catalog::tests::tc6_restart_persistence_survives_reopen ... ok
test expand::semi_additive::tests::execution::test_nulls_first_null_row_wins ... ok
test expand::semi_additive::tests::execution::test_na_dim_join_executes ... ok
test expand::semi_additive::tests::test_asc_nulls_last_emits_reversed_desc ... ok
test expand::semi_additive::tests::test_co_query_arithmetic_wrapped_metric_errors ... ok
test expand::semi_additive::tests::test_co_query_coalesce_wrapped_errors ... ok
test expand::semi_additive::tests::test_co_query_count_distinct_errors ... ok
test expand::semi_additive::tests::test_co_query_count_star_errors ... ok
test expand::semi_additive::tests::test_co_query_derived_metric_errors ... ok
test expand::semi_additive::tests::test_desc_nulls_first_emits_reversed_asc ... ok
test expand::semi_additive::tests::test_dotted_na_dim_orders_by_resolved_expression ... ok
test expand::semi_additive::tests::test_dotted_na_dim_queried_is_effectively_regular ... ok
test expand::semi_additive::tests::test_effectively_regular_all_na_dims_in_query ... ok
test expand::semi_additive::tests::test_fan_trap_checks_effectively_regular_semi_additive ... ok
test expand::semi_additive::tests::test_is_active_semi_additive_resolves_dotted_reference ... ok
test expand::semi_additive::tests::test_metrics_only_global_aggregate ... ok
test expand::semi_additive::tests::test_mixed_regular_and_semi_additive ... ok
test expand::semi_additive::tests::test_na_dim_on_non_queried_table_joins_its_source ... ok
test expand::semi_additive::tests::test_no_semi_additive_no_cte ... ok
test expand::semi_additive::tests::test_parse_snapshot_aggregate_accepts_single_aggregate_calls ... ok
test expand::semi_additive::tests::test_parse_snapshot_aggregate_rejects_undecomposable_shapes ... ok
test expand::semi_additive::tests::test_role_playing_different_using_separate_rank_columns ... ok
test expand::semi_additive::tests::test_role_playing_na_dim_orders_by_scoped_alias ... ok
test expand::semi_additive::tests::test_role_playing_na_dim_tracks_using_dep ... ok
test expand::semi_additive::tests::test_role_playing_na_dim_without_using_is_ambiguous ... ok
test expand::semi_additive::tests::test_semi_additive_expr_dim_repeats_expression_not_alias ... ok
test expand::semi_additive::tests::test_semi_additive_metric_own_expression_validated ... ok
test expand::semi_additive::tests::test_semi_additive_multi_table_join ... ok
test expand::semi_additive::tests::test_semi_additive_na_dim_not_in_query ... ok
test expand::semi_additive::tests::test_semi_additive_queried_na_dim_orders_by_expression ... ok
test expand::semi_additive::tests::test_semi_additive_single_metric_single_dim ... ok
test expand::semi_additive::tests::where_clause_is_injected_inside_the_snapshot_cte_before_the_rank ... ok
test expand::tests_cast::no_output_type_no_cast ... ok
test expand::tests_cast::output_type_on_dimension_emits_cast ... ok
test expand::tests_cast::output_type_on_metric_emits_cast ... ok
test expand::tests_count_star_rewrite::test_base_table_count_star_unchanged ... ok
test expand::tests_count_star_rewrite::test_child_count_star_rewritten_exact_sql ... ok
test expand::tests_count_star_rewrite::test_child_count_star_rewritten_with_base_dimension ... ok
test expand::tests_count_star_rewrite::test_child_count_star_without_pk_errors ... ok
test expand::tests_count_star_rewrite::test_derived_metric_inherits_rewritten_count_star ... ok
test expand::tests_count_star_rewrite::test_derived_metric_reaching_no_pk_count_star_errors ... ok
test expand::tests_count_star_rewrite::test_semi_additive_co_query_uses_rewritten_count ... ok
test expand::tests_count_star_rewrite::test_unqualified_count_star_metric_unchanged ... ok
test expand::tests_count_star_rewrite::test_unrelated_metric_still_works_when_sibling_count_star_lacks_pk ... ok
test expand::tests_count_star_rewrite::test_window_inner_aggregate_gets_rewrite ... ok
test expand::tests_count_star_rewrite::test_window_inner_aggregate_quoted_name_gets_rewrite ... ok
test expand::tests_derived_metric::expand_derived_metric_correct_sql ... ok
test expand::tests_derived_metric::expand_derived_metric_with_facts_chain ... ok
test expand::tests_derived_metric::expand_derived_only_no_base_metrics_requested ... ok
test expand::tests_derived_metric::inline_derived_one_base_one_derived ... ok
test expand::tests_derived_metric::inline_derived_parenthesization_prevents_precedence_error ... ok
test expand::tests_derived_metric::inline_derived_stacked ... ok
test expand::tests_derived_metric::inline_derived_with_facts ... ok
test expand::tests_derived_metric::inline_derived_word_boundary_safety ... ok
test expand::tests_derived_metric::resolve_joins_includes_transitive_deps_from_derived ... ok
test expand::tests_expand::test_already_qualified_table_not_double_qualified ... ok
test expand::tests_expand::test_base_table_qualified_schema_only ... ok
test expand::tests_expand::test_base_table_qualified_with_catalog_schema ... ok
test expand::tests_expand::test_base_table_unqualified_when_no_catalog_schema ... ok
test expand::tests_expand::test_basic_single_dimension_single_metric ... ok
test expand::tests_expand::test_case_insensitive_dimension_lookup ... ok
test expand::tests_expand::test_case_insensitive_metric_lookup ... ok
test expand::tests_expand::test_dimension_expression_not_quoted ... ok
test expand::tests_expand::test_dimensions_only_generates_distinct ... ok
test expand::tests_expand::test_dot_qualified_base_table ... ok
test expand::tests_expand::test_duplicate_dimension_error ... ok
test expand::tests_expand::test_duplicate_metric_error ... ok
test expand::tests_expand::test_empty_request_error ... ok
test expand::tests_expand::test_error_display_messages ... ok
test expand::tests_expand::test_global_aggregate_no_dimensions ... ok
test expand::tests_expand::test_identifier_quoting ... ok
test expand::tests_expand::test_join_excluded_when_not_needed ... ok
test expand::tests_expand::test_join_table_qualified_with_catalog_schema ... ok
test expand::tests_expand::test_metrics_only_still_works ... ok
test expand::tests_expand::test_multiple_dimensions_multiple_metrics ... ok
test expand::tests_expand::test_no_joins_declared_no_error ... ok
test expand::tests_expand::test_unknown_dimension_error ... ok
test expand::tests_expand::test_unknown_dimension_no_suggestion ... ok
test expand::tests_expand::test_unknown_metric_error ... ok
test expand::tests_expand_basic::bare_dimension_name_still_resolves ... ok
test expand::tests_expand_basic::quoted_stored_names_emit_single_quoted_output_aliases ... ok
test expand::tests_expand_basic::table_qualified_dimension_lookup_with_matching_source_table ... ok
test expand::tests_expand_basic::table_qualified_metric_lookup_with_matching_source_table ... ok
test expand::tests_expand_basic::table_qualified_unknown_dimension_returns_error ... ok
test expand::tests_fact_inlining::expand_multi_level_facts ... ok
test expand::tests_fact_inlining::expand_with_facts_inlines_into_metric ... ok
test expand::tests_fact_inlining::expand_without_facts_unchanged ... ok
test expand::tests_fact_inlining::inline_facts_multi_level ... ok
test expand::tests_fact_inlining::inline_facts_no_facts ... ok
test expand::tests_fact_inlining::inline_facts_preserves_parenthesization ... ok
test expand::tests_fact_inlining::inline_facts_single_fact ... ok
test expand::tests_fact_inlining::inline_facts_with_qualified_name_in_metric ... ok
test expand::tests_fact_inlining::inline_facts_word_boundary_prevents_collision ... ok
test expand::tests_fact_inlining::toposort_facts_chain ... ok
test expand::tests_fact_inlining::toposort_facts_empty ... ok
test expand::tests_fact_inlining::toposort_facts_independent ... ok
test expand::tests_fact_inlining::toposort_facts_three_level_chain ... ok
test expand::tests_fact_query::fact_across_fan_in_siblings_still_violates ... ok
test expand::tests_fact_query::fact_reaches_a_multi_hop_chain_across_fan_in ... ok
test expand::tests_fact_query::fact_with_dimension_across_fan_in_is_allowed ... ok
test expand::tests_fact_query::test_fact_path_valid_linear ... ok
test expand::tests_fact_query::test_fact_path_violation ... ok
test expand::tests_fact_query::test_fact_query_basic ... ok
test expand::tests_fact_query::test_fact_query_duplicate_fact ... ok
test expand::tests_fact_query::test_fact_query_inline_facts ... ok
test expand::tests_fact_query::test_fact_query_no_dimensions ... ok
test expand::tests_fact_query::test_fact_query_private_fact ... ok
test expand::tests_fact_query::test_fact_query_unknown_fact ... ok
test expand::semi_additive::tests::execution::test_role_playing_na_dim_snapshot_uses_correct_role ... ok
test expand::tests_facts_awareness::test_duplicate_fact_display ... ok
test expand::tests_fact_query::test_fact_query_with_output_type ... ok
test expand::tests_facts_awareness::test_empty_request_with_facts_is_not_empty ... ok
test expand::tests_facts_awareness::test_fact_path_violation_display ... ok
test expand::tests_facts_awareness::test_facts_metrics_mutual_exclusion ... ok
test expand::tests_facts_awareness::test_unknown_fact_display ... ok
test expand::tests_facts_path_role_playing::fact_on_descendant_of_role_playing_table_errors_ambiguous ... ok
test expand::tests_facts_path_role_playing::fact_on_role_playing_table_errors_ambiguous ... ok
test expand::tests_facts_path_role_playing::test_facts_path_role_playing_dimension_raises_ambiguous_path ... ok
test expand::tests_facts_path_role_playing::test_facts_path_convergent_parent_dimension_not_ambiguous ... ok
test expand::tests_facts_path_role_playing::test_facts_path_single_relationship_dimension_ok ... ok
test expand::tests_facts_path_role_playing::test_metrics_path_convergent_parent_dimension_not_ambiguous ... ok
test expand::tests_fan_trap::cyclic_relationships_do_not_hang_expand ... ok
test expand::tests_fan_trap::fan_trap_error_message_format ... ok
test expand::tests_fan_trap::fan_trap_derived_metric_blocked ... ok
test expand::tests_fan_trap::fan_trap_no_joins_safe ... ok
test expand::tests_fan_trap::fan_trap_many_to_one_safe ... ok
test expand::tests_fan_trap::fan_trap_one_to_many_blocked ... ok
test expand::tests_fan_trap::fan_trap_one_to_one_safe ... ok
test expand::tests_fan_trap::fan_trap_transitive_chain ... ok
test expand::tests_fan_trap::fan_trap_same_table_safe ... ok
test expand::tests_join_emission_regression::sg10_fact_source_chain_includes_intermediate_join ... ok
test expand::tests_join_emission_regression::sg10_fk_side_chain_includes_intermediate_join ... ok
test expand::tests_join_emission_regression::sg12_bare_alias_containing_double_underscore_joins_normally ... ok
test expand::tests_join_emission_regression::sg12_role_playing_scoped_alias_format_preserved ... ok
test expand::tests_join_emission_regression::sg2_join_selection_is_declaration_order_independent ... ok
test expand::tests_join_emission_regression::sg2_two_parent_child_picks_connecting_edge ... ok
test expand::tests_per_grain::child_grain_metric_alone_keeps_flat_sql ... ok
test expand::tests_per_grain::count_star_without_primary_key_is_answerable_per_grain ... ok
test expand::tests_per_grain::derived_metric_chain_resolves_every_reference_to_columns ... ok
test expand::tests_per_grain::derived_metric_nested_over_multi_grain_components ... ok
test expand::tests_per_grain::derived_metric_spanning_grains_is_assembled_from_components ... ok
test expand::tests_per_grain::derived_metric_spanning_grains_with_dimension ... ok
test expand::tests_per_grain::dimension_below_metric_grain_still_errors ... ok
test expand::tests_per_grain::metric_grouped_by_sibling_dimension_errors ... ok
test expand::tests_per_grain::metrics_at_two_grains_no_dimensions_cross_join ... ok
test expand::tests_per_grain::multi_grain_with_active_semi_additive_metric_still_errors ... ok
test expand::tests_per_grain::metrics_at_two_grains_with_dimension_full_outer_join ... ok
test expand::tests_per_grain::multi_grain_with_role_playing_still_errors ... ok
test expand::tests_per_grain::one_to_one_parent_metric_stays_flat ... ok
test expand::tests_per_grain::parent_grain_metric_alone_aggregates_at_its_own_grain ... ok
test expand::tests_per_grain::multi_grain_with_window_metric_still_errors ... ok
test expand::tests_per_grain::parent_grain_metric_with_base_dimension_still_errors ... ok
test expand::tests_per_grain::parent_grain_metric_with_own_table_dimension ... ok
test expand::tests_per_grain::sibling_grain_metrics_are_computed_per_grain ... ok
test expand::tests_per_grain::sibling_grain_metrics_with_parent_dimension ... ok
test expand::tests_per_grain::single_grain_query_keeps_flat_base_anchored_sql ... ok
test expand::tests_per_grain::two_derived_metrics_over_the_same_components ... ok
test expand::tests_per_grain::where_clause_is_injected_into_every_grain_cte ... ok
test expand::tests_per_grain::per_grain_sql_is_deterministic ... ok
test expand::tests_per_grain::where_clause_on_a_single_grain_plan_filters_before_aggregation ... ok
test expand::tests_per_grain::where_clause_joins_its_table_into_every_grain_cte ... ok
test expand::tests_pkfk_expand::test_pkfk_left_join_emitted ... ok
test expand::tests_pkfk_expand::test_pkfk_on_clause_composite ... ok
test expand::tests_pkfk_expand::test_pkfk_on_clause_simple ... ok
test expand::tests_pkfk_expand::test_pkfk_pruning ... ok
test expand::tests_pkfk_expand::test_pkfk_topological_order ... ok
test expand::semi_additive::tests::execution::test_same_na_dim_opposite_polarity_separate_rank_columns ... ok
test expand::tests_pkfk_expand::test_pkfk_transitive_join_inclusion ... ok
test expand::tests_private_access::derived_metric_referencing_private_base_works ... ok
test expand::tests_private_access::private_metric_error_message_contains_private ... ok
test expand::tests_private_access::private_metric_rejected ... ok
test expand::tests_qualified_name_resolution::test_bare_and_qualified_same_dimension_rejected_as_duplicate ... ok
test expand::tests_private_access::public_metric_still_works ... ok
test expand::tests_qualified_name_resolution::test_bare_and_qualified_same_metric_rejected_as_duplicate ... ok
test expand::tests_qualified_name_resolution::test_qualified_dimension_wrong_table_errors ... ok
test expand::tests_qualified_name_resolution::test_base_alias_qualification_matches_unqualified_declaration ... ok
test expand::tests_qualified_name_resolution::test_qualified_metric_wrong_table_errors ... ok
test expand::tests_qualified_refs::test_expand_multiple_qualified_refs_different_tables ... ok
test expand::tests_qualified_refs::test_expand_qualified_column_refs_verbatim ... ok
test expand::tests_role_playing::ambiguous_dimension_without_using_produces_error ... ok
test expand::tests_role_playing::ambiguous_path_error_lists_relationships ... ok
test expand::tests_role_playing::backward_compat_no_using_expands_as_before ... ok
test expand::tests_role_playing::ambiguous_dimension_with_derived_metric_using_both_paths ... ok
test expand::tests_role_playing::base_table_dimension_works_unchanged ... ok
test expand::tests_role_playing::descendant_of_role_playing_table_errors_ambiguous ... ok
test expand::tests_role_playing::derived_metric_with_two_using_resolves_both_joins ... ok
test expand::tests_role_playing::descendant_through_single_relationship_still_resolves ... ok
test expand::tests_role_playing::fan_trap_detection_works_with_using_paths ... ok
test expand::tests_role_playing::dimension_rewritten_to_scoped_alias ... ok
test expand::tests_role_playing::metric_using_from_base_table_no_unnecessary_join ... ok
test expand::tests_role_playing::scoped_join_on_clause_uses_correct_fk_pk ... ok
test expand::tests_role_playing::non_ambiguous_single_relationship_works_without_using ... ok
test expand::tests_role_playing::using_metric_generates_scoped_join_alias ... ok
test expand::types::tests::ci_name_shared_impl_covers_both_kinds ... ok
test expand::tests_role_playing::two_using_metrics_generate_two_scoped_joins ... ok
test expand::types::tests::dimension_name_case_insensitive_eq ... ok
test expand::types::tests::dimension_name_case_insensitive_hash ... ok
test expand::types::tests::dimension_name_display ... ok
test expand::types::tests::dimension_name_from_string ... ok
test expand::types::tests::dimension_name_quote_insensitive_eq_and_hash ... ok
test expand::types::tests::expand_error_stays_under_large_err_threshold ... ok
test expand::types::tests::metric_name_case_insensitive_eq ... ok
test expand::types::tests::metric_name_case_insensitive_hash ... ok
test expand::types::tests::metric_name_deref_to_str ... ok
test expand::where_clause::tests::a_member_name_inside_a_string_literal_is_not_substituted ... ok
test expand::where_clause::tests::a_metric_name_inside_a_string_literal_does_not_trigger_rejection ... ok
test expand::where_clause::tests::a_blank_predicate_emits_no_where_clause ... ok
test expand::where_clause::tests::collects_every_referenced_source_table ... ok
test expand::where_clause::tests::member_lookup_is_case_and_quote_insensitive ... ok
test expand::where_clause::tests::rejects_a_metric_reference ... ok
test expand::where_clause::tests::substitutes_a_fact_expression ... ok
test expand::where_clause::tests::substitutes_dimension_and_fact_expressions ... ok
test expand::where_clause::tests::unknown_references_pass_through_untouched ... ok
test expand::wildcard::tests::test_base_alias_wildcard_case_insensitive ... ok
test expand::wildcard::tests::test_base_alias_wildcard_includes_unqualified_dimensions ... ok
test expand::wildcard::tests::test_base_alias_wildcard_includes_unqualified_facts ... ok
test expand::wildcard::tests::test_base_alias_wildcard_includes_unqualified_metrics ... ok
test expand::wildcard::tests::test_non_base_alias_wildcard_excludes_unqualified_dimensions ... ok
test expand::wildcard::tests::test_wildcard_bare_star_error ... ok
test expand::wildcard::tests::test_wildcard_deduplication ... ok
test expand::wildcard::tests::test_wildcard_expands_dimensions ... ok
test expand::where_clause::tests::function_calls_are_left_alone ... ok
test expand::wildcard::tests::test_wildcard_expands_facts_excludes_private ... ok
test expand::wildcard::tests::test_wildcard_expands_metrics_excludes_private ... ok
test expand::wildcard::tests::test_wildcard_no_wildcards_passthrough ... ok
test expand::wildcard::tests::test_wildcard_unknown_alias_error ... ok
test expand::window::tests::test_fan_trap_checks_window_metrics ... ok
test expand::window::tests::test_partition_by_explicit ... ok
test expand::window::tests::test_partition_by_explicit_missing_dim_error ... ok
test expand::window::tests::test_two_window_metrics_different_excluding ... ok
test expand::window::tests::test_window_aggregate_mixing_error ... ok
test expand::window::tests::test_window_dotted_order_by_resolves_to_cte_alias ... ok
test expand::window::tests::test_window_dotted_quoted_order_by_matches_cte_alias ... ok
test expand::window::tests::test_window_excluding_two_dims ... ok
test expand::window::tests::test_window_missing_required_dim ... ok
test expand::window::tests::test_window_quoted_inner_metric ... ok
test expand::window::tests::test_window_single_metric_three_dims ... ok
test expand::window::tests::test_window_with_extra_args ... ok
test expand::window::tests::test_window_with_frame_clause ... ok
test expand::window::tests::window_unresolved_quoted_inner_metric_emits_balanced_sql ... ok
test expand::window::tests::where_clause_is_injected_inside_the_agg_cte_not_the_outer_query ... ok
test expr_tokens::tests::dotted_chain_is_not_split_by_whitespace ... ok
test expr_tokens::tests::dollar_quoted_strings_yield_no_references ... ok
test expr_tokens::tests::find_is_case_and_quote_insensitive ... ok
test expr_tokens::tests::find_matches_own_source_qualified_but_not_foreign ... ok
test expr_tokens::tests::find_preserves_names_order_and_dedupes ... ok
test expr_tokens::tests::find_skips_foreign_qualified_and_string_literals ... ok
test expr_tokens::tests::function_call_heads_are_not_references ... ok
test expand::semi_additive::tests::execution::test_ties_at_snapshot_all_aggregate ... ok
test expr_tokens::tests::function_heads_are_the_complement_of_references ... ok
test expr_tokens::tests::function_heads_skip_literal_content ... ok
test expr_tokens::tests::inline_bare_and_qualified_keys ... ok
test expr_tokens::tests::inline_does_not_rescan_inserted_text ... ok
test expr_tokens::tests::inline_is_case_and_quote_insensitive ... ok
test expr_tokens::tests::inline_leaves_string_literals_intact ... ok
test expr_tokens::tests::is_bare_distinguishes_qualified_chains ... ok
test expr_tokens::tests::bare_needle_never_matches_qualified_tail ... ok
test expr_tokens::tests::quoted_parts_fold_and_join ... ok
test expr_tokens::tests::literal_content_is_never_a_reference ... ok
test expr_tokens::tests::function_heads_are_ordered_and_in_bounds ... ok
test expr_tokens::tests::rewrite_qualifier_is_case_and_quote_insensitive ... ok
test expr_tokens::tests::find_and_inline_agree ... ok
test expr_tokens::tests::rewrite_qualifier_leaves_literals_functions_and_foreign_tails_intact ... ok
test expr_tokens::tests::rewrite_qualifier_rewrites_head_preserves_tail ... ok
test expr_tokens::tests::rewrite_qualifier_rewrites_only_the_head_part ... ok
test expr_tokens::tests::refs_are_ordered_non_overlapping_and_on_char_boundaries ... ok
test expr_tokens::tests::scans_bare_and_qualified_chains ... ok
test expr_tokens::tests::string_literals_yield_no_references ... ok
test ffi_util::tests::leak_and_reclaim_roundtrip ... ok
test ffi_util::tests::leak_empty_buffer_roundtrip ... ok
test ffi_util::tests::publish_string_delegates ... ok
test ffi_util::tests::publish_with_null_out_pointer_drops_and_writes_nothing ... ok
test ffi_util::tests::publish_writes_both_slots ... ok
test ffi_util::tests::reclaim_null_is_noop ... ok
test ffi_util::tests::write_error_fits_short_message ... ok
test ffi_util::tests::write_error_multibyte_never_produces_invalid_utf8 ... ok
test ffi_util::tests::write_error_null_or_zero_is_noop ... ok
test ffi_util::tests::write_error_truncates_at_char_boundary ... ok
test graph::derived_metrics::tests::contains_aggregate_avg ... ok
test graph::derived_metrics::tests::contains_aggregate_count_distinct ... ok
test graph::derived_metrics::tests::contains_aggregate_none_after_unicode_prefix ... ok
test graph::derived_metrics::tests::contains_aggregate_none_arithmetic ... ok
test graph::derived_metrics::tests::contains_aggregate_none_inside_escaped_string_literal ... ok
test graph::derived_metrics::tests::contains_aggregate_none_multiply ... ok
test graph::derived_metrics::tests::contains_aggregate_none_string_literal ... ok
test graph::derived_metrics::tests::contains_aggregate_none_summary_no_paren ... ok
test graph::derived_metrics::tests::contains_aggregate_quoted_dotted_function_name_is_not_split ... ok
test graph::derived_metrics::tests::contains_aggregate_schema_qualified ... ok
test graph::derived_metrics::tests::contains_aggregate_sum ... ok
test graph::derived_metrics::tests::validate_derived_metrics_aggregate_rejected ... ok
test graph::derived_metrics::tests::validate_derived_metrics_cycle_detected ... ok
test graph::derived_metrics::tests::validate_derived_metrics_did_you_mean ... ok
test graph::derived_metrics::tests::validate_derived_metrics_duplicate_name_rejected ... ok
test graph::derived_metrics::tests::validate_derived_metrics_no_derived_returns_ok ... ok
test graph::derived_metrics::tests::validate_derived_metrics_qualified_column_reference_is_not_a_metric ... ok
test graph::derived_metrics::tests::validate_derived_metrics_quoted_spaced_reference_resolves ... ok
test graph::derived_metrics::tests::validate_derived_metrics_quoted_unknown_reference_reports_raw ... ok
test expr_tokens::tests::references_and_heads_are_disjoint ... ok
test graph::derived_metrics::tests::validate_derived_metrics_unknown_reference ... ok
test graph::derived_metrics::tests::validate_derived_metrics_valid_negation ... ok
test graph::derived_metrics::tests::validate_derived_metrics_valid_simple ... ok
test graph::facts::tests::find_fact_references_case_insensitive ... ok
test graph::derived_metrics::tests::validate_derived_metrics_valid_stacking ... ok
test graph::facts::tests::find_fact_references_multiple_facts ... ok
test graph::facts::tests::find_fact_references_no_match_inside_unicode_identifier ... ok
test graph::facts::tests::find_fact_references_no_prefix_match ... ok
test graph::facts::tests::find_fact_references_no_substring_match ... ok
test graph::facts::tests::find_fact_references_word_boundary_addition ... ok
test graph::facts::tests::find_fact_references_word_boundary_parens ... ok
test graph::facts::tests::find_fact_references_word_boundary_exact ... ok
test graph::facts::tests::validate_facts_empty_returns_ok ... ok
test graph::facts::tests::validate_facts_cycle_detected ... ok
test graph::facts::tests::validate_facts_identity_passthrough ... ok
test graph::facts::tests::validate_facts_self_named_is_not_a_cycle ... ok
test graph::facts::tests::validate_facts_single_valid_fact ... ok
test graph::facts::tests::validate_facts_three_node_cycle ... ok
test graph::facts::tests::validate_facts_two_independent_facts ... ok
test graph::facts::tests::validate_facts_unknown_source_table ... ok
test graph::facts::tests::validate_facts_unknown_source_table_fuzzy_suggestion ... ok
test graph::join_tree::tests::ancestors_to_root_at_root ... ok
test graph::facts::tests::validate_facts_valid_chain ... ok
test graph::join_tree::tests::ancestors_to_root_multi_level ... ok
test graph::join_tree::tests::ancestors_to_root_single_parent ... ok
test graph::join_tree::tests::from_graph_falls_back_to_reverse_edges_for_unreachable_nodes ... ok
test graph::join_tree::tests::walks_terminate_on_cyclic_parent_map ... ok
test graph::join_tree::tests::from_graph_roots_the_tree_at_the_base_table_under_fan_in ... ok
test graph::names::tests::dimension_metric_collision_rejected ... ok
test graph::names::tests::distinct_names_accepted ... ok
test graph::names::tests::duplicate_dimension_names_rejected ... ok
test graph::names::tests::duplicate_metric_names_rejected_case_insensitively ... ok
test graph::names::tests::fact_dimension_collision_rejected ... ok
test graph::names::tests::metric_fact_collision_rejected ... ok
test graph::names::tests::quoted_names_differing_in_case_collide ... ok
test graph::names::tests::quoted_and_unquoted_folding_to_same_key_collide ... ok
test graph::names::tests::unquoted_and_quoted_same_name_collide ... ok
test graph::relationship::tests::case_insensitive_alias_matching ... ok
test graph::relationship::tests::cycle_detected ... ok
test graph::relationship::tests::diamond_mixed_named_unnamed_rejected ... ok
test graph::relationship::tests::diamond_detected ... ok
test graph::relationship::tests::diamond_two_named_relationships_accepted ... ok
test graph::relationship::tests::diamond_two_unnamed_relationships_rejected ... ok
test graph::relationship::tests::fk_ref_validation_skipped_when_no_ref_columns ... ok
test graph::relationship::tests::legacy_empty_fk_columns_skips_validation ... ok
test graph::relationship::tests::named_cross_source_diamond_rejected ... ok
test graph::relationship::tests::orphan_table_detected ... ok
test graph::relationship::tests::phase33_fk_reference_tests::case_insensitive_matching ... ok
test graph::relationship::tests::phase33_fk_reference_tests::empty_ref_columns_skipped ... ok
test graph::relationship::tests::phase33_fk_reference_tests::composite_fk_subset_rejected ... ok
test graph::relationship::tests::phase33_fk_reference_tests::fk_matches_pk_passes ... ok
test graph::relationship::tests::phase33_fk_reference_tests::fk_matches_unique_passes ... ok
test graph::relationship::tests::self_reference_rejected ... ok
test graph::relationship::tests::phase33_fk_reference_tests::fk_no_match_errors_with_available ... ok
test graph::relationship::tests::single_table_no_joins_skips_validation ... ok
test graph::relationship::tests::toposort_valid_tree ... ok
test graph::relationship::tests::toposort_deterministic ... ok
test graph::relationship::tests::unreachable_source_table_dimension ... ok
test graph::relationship::tests::unreachable_source_table_suggests_closest ... ok
test graph::relationship::tests::unreachable_source_table_metric ... ok
test graph::using::tests::validate_using_derived_metric_rejected ... ok
test graph::relationship::tests::valid_star_schema ... ok
test graph::using::tests::validate_using_valid_reference ... ok
test graph::using::tests::validate_using_unknown_relationship_rejected ... ok
test graph::using::tests::validate_using_wrong_source_table_rejected ... ok
test ident::tests::find_identifier_end_tests::bare_until_whitespace ... ok
test ident::tests::find_identifier_end_tests::doubled_quote_escape_keeps_in_quotes ... ok
test ident::tests::find_identifier_end_tests::fqn_with_quoted_parts_runs_to_whitespace ... ok
test ident::tests::find_identifier_end_tests::paren_terminator_when_allowed ... ok
test ident::tests::find_identifier_end_tests::paren_inert_when_not_allowed ... ok
test ident::tests::find_identifier_end_tests::quoted_skips_inner_dot ... ok
test ident::tests::find_identifier_end_tests::quoted_skips_inner_whitespace ... ok
test ident::tests::find_identifier_end_tests::reaches_end_of_input ... ok
test ident::tests::find_identifier_end_tests::unterminated_quote_returns_input_len ... ok
test ident::tests::find_identifier_end_tests::semicolon_terminator ... ok
test ident::tests::normalize_ident_part_tests::first_unquoted_dot_ignores_dots_in_quotes ... ok
test ident::tests::normalize_ident_part_tests::ident_matches_quoted_is_case_insensitive ... ok
test ident::tests::normalize_ident_part_tests::ident_matches_unquoted_is_case_insensitive ... ok
test ident::tests::normalize_ident_part_tests::malformed_falls_back_to_lowercase_fold ... ok
test ident::tests::normalize_ident_part_tests::quoted_strips_quotes_and_folds ... ok
test ident::tests::normalize_ident_part_tests::qualified_normalizes_each_part ... ok
test ident::tests::normalize_ident_part_tests::unquoted_folds_to_lowercase ... ok
test ident::tests::normalize_ident_part_tests::whitespace_trimmed ... ok
test ident::tests::normalize_view_name_tests::bare_returns_self ... ok
test ident::tests::normalize_view_name_tests::embedded_quote_survives_to_last_part ... ok
test ident::tests::normalize_view_name_tests::error_propagates_from_parser ... ok
test ident::tests::normalize_view_name_tests::fold_is_ascii_only ... ok
test ident::tests::normalize_view_name_tests::mixed_quoting_returns_bare_last_part ... ok
test ident::tests::normalize_view_name_tests::quoted_fqn_returns_bare_last_part ... ok
test ident::tests::normalize_view_name_tests::quoted_names_fold_like_unquoted ... ok
test ident::tests::normalize_view_name_tests::quoting_flags_reported_per_part ... ok
test ident::tests::normalize_view_name_tests::unquoted_mixed_case_folds_to_lowercase ... ok
test ident::tests::parse_qualified_identifier_tests::bare_simple ... ok
test ident::tests::parse_qualified_identifier_tests::bare_with_underscore_and_digits ... ok
test ident::tests::parse_qualified_identifier_tests::dot_inside_quoted_part ... ok
test ident::tests::parse_qualified_identifier_tests::error_bare_then_quoted_no_dot ... ok
test ident::tests::parse_qualified_identifier_tests::embedded_double_quote_escape ... ok
test ident::tests::parse_qualified_identifier_tests::error_empty_part_between_dots ... ok
test ident::tests::parse_qualified_identifier_tests::error_empty_input ... ok
test ident::tests::parse_qualified_identifier_tests::error_empty_quoted ... ok
test ident::tests::parse_qualified_identifier_tests::error_trailing_dot ... ok
test ident::tests::parse_qualified_identifier_tests::error_leading_dot ... ok
test ident::tests::parse_qualified_identifier_tests::error_trailing_garbage_after_quote ... ok
test ident::tests::parse_qualified_identifier_tests::fully_quoted_fqn_three_parts ... ok
test ident::tests::parse_qualified_identifier_tests::error_unterminated_quote ... ok
test ident::tests::parse_qualified_identifier_tests::fully_quoted_single_part ... ok
test ident::tests::parse_qualified_identifier_tests::mixed_quoting_middle_quoted_only ... ok
test ident::tests::parse_qualified_identifier_tests::mixed_quoting_db_quoted_only ... ok
test ident::tests::parse_qualified_identifier_tests::non_ascii_quoted_part_survives_unmangled ... ok
test ident::tests::parse_qualified_identifier_tests::semicolon_inside_quoted_part ... ok
test ident::tests::parse_qualified_identifier_tests::whitespace_inside_quoted_part ... ok
test ident::tests::proptests::bare_names_fold_to_lowercase ... ok
test ident::tests::proptests::normalize_returns_last_part ... ok
test model::tests::has_incomplete_relationships_detects_empty_fk ... ok
test model::tests::invalid_json_is_error ... ok
test model::tests::json_with_source_table_deserializes ... ok
test model::tests::old_json_without_source_table_deserializes ... ok
test model::tests::optional_fields_default_to_empty ... ok
test model::tests::phase11_1_model_tests::old_definition_without_tables_deserializes_with_empty_vec ... ok
test model::tests::phase11_1_model_tests::semantic_view_definition_with_tables_roundtrip ... ok
test model::tests::phase11_1_model_tests::table_ref_roundtrip ... ok
test model::tests::phase11_model_tests::definition_with_facts ... ok
test model::tests::phase11_model_tests::definition_without_facts_defaults_empty ... ok
test model::tests::phase11_model_tests::fact_roundtrip ... ok
test model::tests::phase11_model_tests::legacy_join_fk_encodings_are_ignored_on_load ... ok
test model::tests::phase11_model_tests::unknown_fields_are_allowed ... ok
test model::tests::phase12_model_tests::old_json_with_removed_type_inference_vecs_still_deserializes ... ok
test model::tests::phase12_model_tests::old_json_without_output_type_deserializes ... ok
test model::tests::phase12_model_tests::output_type_on_dimension_roundtrips ... ok
test model::tests::phase12_model_tests::output_type_on_metric_roundtrips ... ok
test model::tests::phase31_cardinality_tests::cardinality_serde_roundtrip ... ok
test model::tests::phase31_cardinality_tests::definition_with_cardinality_joins_roundtrips ... ok
test model::tests::phase31_cardinality_tests::join_with_cardinality_roundtrip ... ok
test model::tests::phase31_cardinality_tests::old_json_with_one_to_many_is_rejected ... ok
test model::tests::phase31_cardinality_tests::old_json_without_cardinality_defaults_to_many_to_one ... ok
test model::tests::phase32_using_relationships_tests::metric_with_empty_using_relationships_does_not_emit_field ... ok
test model::tests::phase32_using_relationships_tests::metric_with_using_relationships_roundtrips ... ok
test model::tests::phase32_using_relationships_tests::old_json_without_using_relationships_deserializes_with_empty_vec ... ok
test model::tests::phase33_model_tests::empty_ref_columns_not_serialized ... ok
test model::tests::phase33_model_tests::empty_unique_constraints_not_serialized ... ok
test model::tests::phase33_model_tests::join_with_ref_columns_roundtrip ... ok
test model::tests::phase33_model_tests::old_json_without_ref_columns_deserializes ... ok
test model::tests::phase33_model_tests::old_json_without_unique_constraints_deserializes ... ok
test model::tests::phase33_model_tests::table_ref_with_unique_constraints_roundtrip ... ok
test model::tests::phase33_model_tests::table_ref_without_pk_is_valid ... ok
test model::tests::phase39_metadata_tests::created_on_roundtrip ... ok
test model::tests::phase39_metadata_tests::fact_output_type_roundtrip ... ok
test model::tests::phase39_metadata_tests::old_fact_json_without_output_type_deserializes ... ok
test model::tests::phase39_metadata_tests::old_json_without_metadata_fields_deserializes ... ok
test model::tests::phase43_metadata_tests::access_modifier_default_is_public ... ok
test model::tests::phase43_metadata_tests::access_modifier_is_default ... ok
test model::tests::phase43_metadata_tests::dimension_with_comment_and_synonyms_roundtrips ... ok
test model::tests::phase43_metadata_tests::fact_with_access_and_metadata_roundtrips ... ok
test model::tests::phase43_metadata_tests::metric_with_access_private_roundtrips ... ok
test model::tests::phase43_metadata_tests::metric_with_access_public_omits_field ... ok
test model::tests::phase43_metadata_tests::pre_v060_json_deserializes_with_defaults ... ok
test model::tests::phase43_metadata_tests::table_ref_with_metadata_roundtrips ... ok
test model::tests::phase43_metadata_tests::view_level_comment_roundtrips ... ok
test model::tests::phase47_non_additive_tests::metric_with_empty_non_additive_by_omits_field ... ok
test model::tests::phase47_non_additive_tests::metric_with_non_additive_by_roundtrips ... ok
test model::tests::phase47_non_additive_tests::metric_without_non_additive_by_deserializes_with_empty_vec ... ok
test model::tests::phase47_non_additive_tests::non_additive_dim_with_defaults_skips_order_and_nulls ... ok
test model::tests::phase47_non_additive_tests::non_additive_dim_with_non_defaults_includes_fields ... ok
test model::tests::phase47_non_additive_tests::nulls_order_default_is_last ... ok
test model::tests::phase47_non_additive_tests::nulls_order_is_default ... ok
test model::tests::phase47_non_additive_tests::sort_order_default_is_asc ... ok
test model::tests::phase47_non_additive_tests::sort_order_is_default ... ok
test model::tests::phase54_materialization_tests::definition_with_materializations_json_roundtrip ... ok
test model::tests::phase54_materialization_tests::empty_materializations_omitted_from_json ... ok
test model::tests::phase54_materialization_tests::materialization_empty_dims_and_metrics_omitted_from_json ... ok
test model::tests::phase54_materialization_tests::materialization_json_roundtrip ... ok
test model::tests::phase54_materialization_tests::materialization_yaml_roundtrip ... ok
test model::tests::phase54_materialization_tests::old_json_without_materializations_deserializes_to_empty_vec ... ok
test model::tests::phase54_materialization_tests::yaml_and_json_with_materializations_produce_identical_structs ... ok
test model::tests::stored_schema_version_absent_or_bad_is_zero ... ok
test model::tests::stored_schema_version_reads_injected_value ... ok
test model::tests::valid_definition_roundtrips ... ok
test model::tests::window_spec_tests::metric_is_window_returns_true_when_set ... ok
test model::tests::window_spec_tests::metric_with_empty_window_spec_omits_field ... ok
test model::tests::window_spec_tests::metric_without_window_spec_deserializes_from_old_json ... ok
test model::tests::window_spec_tests::window_order_by_non_default_sort_nulls_roundtrips ... ok
test model::tests::window_spec_tests::window_spec_full_roundtrip ... ok
test model::tests::window_spec_tests::window_spec_roundtrip_serde ... ok
test model::tests::yaml_tests::enum_variants_roundtrip_yaml ... ok
test model::tests::yaml_tests::full_yaml_all_fields ... ok
test model::tests::yaml_tests::invalid_yaml_syntax_returns_error_with_name ... ok
test model::tests::yaml_tests::minimal_yaml_deserializes ... ok
test model::tests::yaml_tests::optional_fields_default_when_omitted ... ok
test ident::tests::proptests::parse_emit_roundtrip_is_identity ... ok
test model::tests::yaml_tests::size_cap_rejects_oversized_input ... ok
test model::tests::yaml_tests::unknown_fields_accepted_in_yaml ... ok
test model::tests::yaml_tests::yaml_json_produce_identical_structs ... ok
test model::tests::yaml_tests::yaml_json_roundtrip_via_serialize ... ok
test parse::detect::tests::desc_abbreviation_maps_to_describe ... ok
test parse::detect::tests::desc_requires_word_boundary ... ok
test parse::detect::tests::describe_full_spelling_still_maps_to_describe ... ok
test parse::rewrite::tests::comment_only_is_not_semantic_view_ddl ... ok
test parse::rewrite::tests::detect_create_or_replace_with_dbt_style_annotation ... ok
test parse::rewrite::tests::detect_create_with_leading_block_comment ... ok
test parse::rewrite::tests::detect_create_with_leading_line_comment ... ok
test parse::rewrite::tests::detect_other_ddl_forms_with_leading_comment ... ok
test parse::rewrite::tests::detect_show_materializations ... ok
test parse::rewrite::tests::detect_show_materializations_in_view ... ok
test parse::rewrite::tests::error_position_accounts_for_leading_comment ... ok
test parse::rewrite::tests::leak_and_reclaim_round_trips_arbitrary_string ... ok
test parse::rewrite::tests::near_miss_show_materialization ... ok
test parse::rewrite::tests::parse_error_position_points_at_offending_token ... ok
test parse::rewrite::tests::parse_error_position_survives_leading_comment ... ok
test parse::rewrite::tests::phase25_parse_tests::as_body_create_if_not_exists_rewrites_to_from_json ... ok
test parse::rewrite::tests::phase25_parse_tests::as_body_create_or_replace_rewrites_to_from_json ... ok
test parse::rewrite::tests::phase25_parse_tests::as_body_create_rewrites_to_from_json ... ok
test parse::rewrite::tests::phase25_parse_tests::drop_still_rewrites_unchanged ... ok
test parse::rewrite::tests::phase25_parse_tests::old_paren_body_is_rejected ... ok
test parse::rewrite::tests::phase33_inference_tests::case_insensitive_column_matching ... ok
test parse::rewrite::tests::phase33_inference_tests::fk_ref_column_count_mismatch_error ... ok
test parse::rewrite::tests::phase33_inference_tests::infers_many_to_one_when_fk_is_bare ... ok
test parse::rewrite::tests::phase33_inference_tests::infers_one_to_one_from_pk_match ... ok
test parse::rewrite::tests::phase33_inference_tests::infers_one_to_one_from_unique_match ... ok
test parse::rewrite::tests::phase33_inference_tests::keeps_explicit_ref_columns ... ok
test parse::rewrite::tests::phase33_inference_tests::resolves_ref_columns_to_target_pk ... ok
test parse::rewrite::tests::phase33_inference_tests::rewrite_produces_json_with_ref_columns_and_cardinality ... ok
test parse::rewrite::tests::phase34_1_1_show_filter_tests::test_build_filter_suffix_all_three ... ok
test parse::rewrite::tests::phase34_1_1_show_filter_tests::test_build_filter_suffix_in_database ... ok
test parse::rewrite::tests::phase34_1_1_show_filter_tests::test_build_filter_suffix_in_schema ... ok
test parse::rewrite::tests::phase34_1_1_show_filter_tests::test_build_filter_suffix_like_and_schema ... ok
test parse::rewrite::tests::phase34_1_1_show_filter_tests::test_build_filter_suffix_like_only ... ok
test parse::rewrite::tests::phase34_1_1_show_filter_tests::test_build_filter_suffix_limit_only ... ok
test parse::rewrite::tests::phase34_1_1_show_filter_tests::test_build_filter_suffix_none ... ok
test parse::rewrite::tests::phase34_1_1_show_filter_tests::test_build_filter_suffix_reescapes_quotes ... ok
test parse::rewrite::tests::phase34_1_1_show_filter_tests::test_build_filter_suffix_starts_with_only ... ok
test parse::rewrite::tests::phase34_1_1_show_filter_tests::test_extract_quoted_string_empty ... ok
test parse::rewrite::tests::phase34_1_1_show_filter_tests::test_extract_quoted_string_escaped_quotes ... ok
test parse::rewrite::tests::phase34_1_1_show_filter_tests::test_extract_quoted_string_no_opening_quote ... ok
test parse::rewrite::tests::phase34_1_1_show_filter_tests::test_extract_quoted_string_normal ... ok
test parse::rewrite::tests::phase34_1_1_show_filter_tests::test_extract_quoted_string_unterminated ... ok
test parse::rewrite::tests::phase34_1_1_show_filter_tests::test_extract_quoted_string_utf8_cjk_and_emoji ... ok
test parse::rewrite::tests::phase34_1_1_show_filter_tests::test_extract_quoted_string_utf8_cyrillic ... ok
test parse::rewrite::tests::phase34_1_1_show_filter_tests::test_extract_quoted_string_utf8_em_dash_and_smart_quotes ... ok
test parse::rewrite::tests::phase34_1_1_show_filter_tests::test_extract_quoted_string_utf8_escaped_quotes_around_nonascii ... ok
test parse::rewrite::tests::phase34_1_1_show_filter_tests::test_rewrite_show_case_insensitive ... ok
test parse::rewrite::tests::phase34_1_1_show_filter_tests::test_rewrite_show_columns_in_semantic_view ... ok
test parse::rewrite::tests::phase34_1_1_show_filter_tests::test_rewrite_show_dims_for_metric_with_all_clauses ... ok
test parse::rewrite::tests::phase34_1_1_show_filter_tests::test_rewrite_show_dims_like_after_in_error ... ok
test parse::rewrite::tests::phase34_1_1_show_filter_tests::test_rewrite_show_dims_like_cross_view ... ok
test parse::rewrite::tests::phase34_1_1_show_filter_tests::test_rewrite_show_dims_like_in_starts_with_limit ... ok
test parse::rewrite::tests::phase34_1_1_show_filter_tests::test_rewrite_show_facts_limit ... ok
test parse::rewrite::tests::phase34_1_1_show_filter_tests::test_rewrite_show_for_metric_on_metrics_error ... ok
test parse::rewrite::tests::phase34_1_1_show_filter_tests::test_rewrite_show_metrics_limit_non_numeric ... ok
test parse::rewrite::tests::phase34_1_1_show_filter_tests::test_rewrite_show_metrics_starts_with_limit ... ok
test parse::rewrite::tests::phase34_1_1_show_filter_tests::test_rewrite_show_terse ... ok
test parse::rewrite::tests::phase34_1_1_show_filter_tests::test_rewrite_show_terse_in_schema ... ok
test parse::rewrite::tests::phase34_1_1_show_filter_tests::test_rewrite_show_terse_like ... ok
test parse::rewrite::tests::phase34_1_1_show_filter_tests::test_rewrite_show_views_all_clauses ... ok
test parse::rewrite::tests::phase34_1_1_show_filter_tests::test_rewrite_show_views_for_metric_error ... ok
test parse::rewrite::tests::phase34_1_1_show_filter_tests::test_rewrite_show_views_in_database ... ok
test parse::rewrite::tests::phase34_1_1_show_filter_tests::test_rewrite_show_views_in_requires_schema_or_database ... ok
test parse::rewrite::tests::phase34_1_1_show_filter_tests::test_rewrite_show_views_in_schema ... ok
test parse::rewrite::tests::phase34_1_1_show_filter_tests::test_rewrite_show_views_in_schema_like ... ok
test parse::rewrite::tests::phase34_1_1_show_filter_tests::test_rewrite_show_views_like ... ok
test parse::rewrite::tests::phase34_1_1_show_filter_tests::test_rewrite_show_views_no_clauses_regression ... ok
test parse::rewrite::tests::phase34_1_1_show_filter_tests::test_rewrite_show_views_starts_with_limit ... ok
test parse::rewrite::tests::phase34_1_1_show_filter_tests::test_show_views_like_non_ascii_pattern_roundtrips ... ok
test parse::rewrite::tests::phase34_1_1_show_filter_tests::test_show_views_non_ascii_trailing_tokens_error_not_panic ... ok
test parse::rewrite::tests::phase43_view_comment_tests::test_view_comment_escaped_quotes ... ok
test parse::rewrite::tests::phase43_view_comment_tests::test_view_comment_parsed ... ok
test parse::rewrite::tests::phase43_view_comment_tests::test_view_comment_with_create_or_replace ... ok
test parse::rewrite::tests::phase43_view_comment_tests::test_view_without_comment ... ok
test parse::rewrite::tests::phase64_quoted_ident_tests::alter_rename_both_quoted ... ok
test parse::rewrite::tests::phase64_quoted_ident_tests::alter_rename_source_quoted ... ok
test parse::rewrite::tests::phase64_quoted_ident_tests::alter_rename_target_quoted ... ok
test parse::rewrite::tests::phase64_quoted_ident_tests::alter_rename_target_unterminated_quote_errors ... ok
test parse::rewrite::tests::phase64_quoted_ident_tests::alter_set_comment_with_quoted_source ... ok
test parse::rewrite::tests::phase64_quoted_ident_tests::alter_unset_comment_with_quoted_source ... ok
test parse::rewrite::tests::phase64_quoted_ident_tests::create_if_not_exists_with_quoted_fqn_extracts_bare_name ... ok
test parse::rewrite::tests::phase64_quoted_ident_tests::create_mixed_quoting_captures_bare_name ... ok
test parse::rewrite::tests::phase64_quoted_ident_tests::create_or_replace_with_quoted_fqn_extracts_bare_name ... ok
test parse::rewrite::tests::phase64_quoted_ident_tests::create_quoted_fqn_captures_bare_name ... ok
test parse::rewrite::tests::phase64_quoted_ident_tests::create_with_partial_quoting_extracts_bare_name ... ok
test parse::rewrite::tests::phase64_quoted_ident_tests::create_with_quoted_fqn_extracts_bare_name ... ok
test parse::rewrite::tests::phase64_quoted_ident_tests::create_with_quoted_whitespace_name_extracts_intact ... ok
test parse::rewrite::tests::phase64_quoted_ident_tests::create_with_unterminated_quote_errors ... ok
test parse::rewrite::tests::phase64_quoted_ident_tests::describe_with_quoted_fqn ... ok
test parse::rewrite::tests::phase64_quoted_ident_tests::drop_if_exists_with_quoted_fqn ... ok
test parse::rewrite::tests::phase64_quoted_ident_tests::drop_with_partial_quoting ... ok
test parse::rewrite::tests::phase64_quoted_ident_tests::drop_with_quoted_bare ... ok
test parse::rewrite::tests::phase64_quoted_ident_tests::drop_with_quoted_fqn ... ok
test parse::rewrite::tests::phase64_quoted_ident_tests::drop_with_quoted_whitespace_name ... ok
test parse::rewrite::tests::phase64_quoted_ident_tests::drop_with_unquoted_fqn ... ok
test parse::rewrite::tests::phase64_quoted_ident_tests::drop_with_unterminated_quote_errors ... ok
test parse::rewrite::tests::phase64_quoted_ident_tests::show_columns_with_quoted_fqn ... ok
test parse::rewrite::tests::rewrite_show_materializations_all ... ok
test parse::rewrite::tests::rewrite_show_materializations_in_view ... ok
test parse::rewrite::tests::skip_lws_blanked_comment_is_whitespace ... ok
test parse::rewrite::tests::skip_lws_empty ... ok
test parse::rewrite::tests::skip_lws_no_leading_match ... ok
test parse::rewrite::tests::skip_lws_only_whitespace ... ok
test parse::rewrite::tests::sv_parse_function_rust_returns_1_for_near_miss ... ok
test parse::rewrite::tests::sv_parse_function_rust_returns_1_with_position_for_malformed_create ... ok
test parse::rewrite::tests::sv_parse_function_rust_returns_2_for_invalid_utf8 ... ok
test parse::rewrite::tests::sv_parse_function_rust_returns_2_for_select ... ok
test parse::rewrite::tests::test_alter_rename_trailing_comment_not_absorbed ... ok
test parse::rewrite::tests::test_alter_subops_reject_trailing_garbage ... ok
test parse::rewrite::tests::test_alter_subops_tolerate_multiple_spaces ... ok
test parse::rewrite::tests::test_basic_detection ... ok
test parse::rewrite::tests::test_case_insensitive ... ok
test parse::rewrite::tests::test_comment_between_prefix_keywords ... ok
test parse::rewrite::tests::test_comment_inside_create_body_not_stored ... ok
test parse::rewrite::tests::test_comment_markers_inside_string_survive ... ok
test parse::rewrite::tests::test_comment_with_from_yaml ... ok
test parse::rewrite::tests::test_create_if_not_exists_from_yaml ... ok
test parse::rewrite::tests::test_create_or_replace_from_yaml ... ok
test parse::rewrite::tests::test_ddl_kind_create ... ok
test parse::rewrite::tests::test_ddl_kind_create_if_not_exists ... ok
test parse::rewrite::tests::test_ddl_kind_create_or_replace ... ok
test parse::rewrite::tests::test_ddl_kind_describe ... ok
test parse::rewrite::tests::test_ddl_kind_drop ... ok
test parse::rewrite::tests::test_ddl_kind_drop_if_exists ... ok
test parse::rewrite::tests::test_ddl_kind_none ... ok
test parse::rewrite::tests::test_ddl_kind_show ... ok
test parse::rewrite::tests::test_detect_case_insensitive_all_forms ... ok
test parse::rewrite::tests::test_detect_create ... ok
test parse::rewrite::tests::test_detect_create_if_not_exists ... ok
test parse::rewrite::tests::test_detect_create_or_replace ... ok
test parse::rewrite::tests::test_detect_ddl_kind_alter_if_exists_set_comment ... ok
test parse::rewrite::tests::test_detect_ddl_kind_alter_if_exists_unset_comment ... ok
test parse::rewrite::tests::test_detect_ddl_kind_alter_rename_backwards_compat ... ok
test parse::rewrite::tests::test_detect_ddl_kind_alter_set_comment ... ok
test parse::rewrite::tests::test_detect_ddl_kind_alter_unset_comment ... ok
test parse::rewrite::tests::test_detect_describe ... ok
test parse::rewrite::tests::test_detect_describe_must_have_view ... ok
test parse::rewrite::tests::test_detect_drop ... ok
test parse::rewrite::tests::test_detect_drop_if_exists ... ok
test parse::rewrite::tests::test_detect_non_matching ... ok
test parse::rewrite::tests::test_detect_show ... ok
test parse::rewrite::tests::test_detect_show_must_have_views ... ok
test parse::rewrite::tests::test_detect_whitespace_and_semicolon ... ok
test parse::rewrite::tests::test_error_message_mentions_from_yaml ... ok
test parse::rewrite::tests::test_error_message_mentions_from_yaml_file ... ok
test parse::rewrite::tests::test_exact_prefix_only ... ok
test parse::rewrite::tests::test_extract_dollar_quoted_empty_content ... ok
test parse::rewrite::tests::test_extract_dollar_quoted_inner_dollar ... ok
test parse::rewrite::tests::test_extract_dollar_quoted_multiline ... ok
test parse::rewrite::tests::test_extract_dollar_quoted_no_leading_dollar ... ok
test parse::rewrite::tests::test_extract_dollar_quoted_rejects_invalid_tag ... ok
test parse::rewrite::tests::test_extract_dollar_quoted_tagged ... ok
test parse::rewrite::tests::test_extract_dollar_quoted_untagged ... ok
test parse::rewrite::tests::test_extract_dollar_quoted_unterminated_body ... ok
test expr_tokens::tests::rewrite_qualifier_is_total_and_identity_on_no_match ... ok
test parse::rewrite::tests::test_extract_dollar_quoted_unterminated_opening ... ok
test parse::rewrite::tests::test_extract_single_quoted_basic ... ok
test parse::rewrite::tests::test_extract_single_quoted_empty ... ok
test parse::rewrite::tests::test_extract_single_quoted_escaped ... ok
test parse::rewrite::tests::test_extract_single_quoted_no_quote ... ok
test parse::rewrite::tests::test_extract_single_quoted_utf8_accented_path ... ok
test parse::rewrite::tests::test_extract_single_quoted_unterminated ... ok
test parse::rewrite::tests::test_extract_single_quoted_utf8_cjk_path ... ok
test parse::rewrite::tests::test_extract_single_quoted_utf8_emoji_path ... ok
test parse::rewrite::tests::test_extract_view_comment_utf8_cyrillic ... ok
test parse::rewrite::tests::test_extract_view_comment_utf8_emoji_and_em_dash ... ok
test parse::rewrite::tests::test_extract_view_comment_utf8_escaped_quotes_around_nonascii ... ok
test parse::rewrite::tests::test_for_metric_requires_boundaries ... ok
test parse::rewrite::tests::test_from_yaml_case_insensitive ... ok
test parse::rewrite::tests::test_from_yaml_detection_via_rewrite_ddl ... ok
test parse::rewrite::tests::test_from_yaml_mixed_case ... ok
test parse::rewrite::tests::test_from_yaml_flexible_whitespace ... ok
test parse::rewrite::tests::test_leading_whitespace ... ok
test parse::rewrite::tests::test_name_only_forms_reject_trailing_garbage ... ok
test parse::rewrite::tests::test_near_miss_drop_semantc ... ok
test parse::rewrite::tests::test_near_miss_creat ... ok
test parse::rewrite::tests::test_near_miss_select ... ok
test parse::rewrite::tests::test_near_miss_position_zero ... ok
test parse::rewrite::tests::test_near_miss_show_tables ... ok
test parse::rewrite::tests::test_nested_block_comment_fully_skipped ... ok
test parse::rewrite::tests::test_near_miss_show_semantic_view ... ok
test parse::rewrite::tests::test_non_matching ... ok
test parse::rewrite::tests::test_parse_error_position_paren_body_rejected ... ok
test parse::rewrite::tests::test_parse_error_position_structural ... ok
test parse::rewrite::tests::test_prefix_accepts_punctuation_boundaries ... ok
test parse::rewrite::tests::test_prefix_requires_trailing_word_boundary ... ok
test parse::rewrite::tests::test_quoted_names_also_fold_to_lowercase_across_ddl_forms ... ok
test parse::rewrite::tests::test_rewrite_ddl_yaml_file_body_create ... ok
test parse::rewrite::tests::test_rewrite_ddl_yaml_file_body_empty_path ... ok
test parse::rewrite::tests::test_rewrite_ddl_yaml_file_body_if_not_exists ... ok
test parse::rewrite::tests::test_rewrite_ddl_yaml_file_body_replace ... ok
test parse::rewrite::tests::test_rewrite_ddl_yaml_file_body_trailing_content ... ok
test parse::rewrite::tests::test_rewrite_ddl_yaml_file_body_with_comment ... ok
test parse::rewrite::tests::test_rewrite_describe ... ok
test parse::rewrite::tests::test_rewrite_drop ... ok
test parse::rewrite::tests::test_rewrite_drop_if_exists ... ok
test parse::rewrite::tests::test_rewrite_drop_missing_name ... ok
test parse::rewrite::tests::test_rewrite_name_with_single_quote ... ok
test parse::rewrite::tests::test_rewrite_not_semantic ... ok
test parse::rewrite::tests::test_rewrite_show ... ok
test parse::rewrite::tests::test_starts_with_and_limit_require_boundaries ... ok
test parse::rewrite::tests::test_too_short ... ok
test parse::rewrite::tests::test_trailing_comment_after_name_is_ignored ... ok
test parse::rewrite::tests::test_trailing_semicolon ... ok
test parse::rewrite::tests::test_unquoted_names_fold_to_lowercase_across_ddl_forms ... ok
test parse::rewrite::tests::test_validate_alter_agrees_with_rewriter ... ok
test parse::rewrite::tests::test_validate_and_rewrite_describe ... ok
test parse::rewrite::tests::test_validate_and_rewrite_drop ... ok
test parse::rewrite::tests::test_validate_and_rewrite_drop_if_exists ... ok
test parse::rewrite::tests::test_validate_and_rewrite_not_ours ... ok
test parse::rewrite::tests::test_validate_and_rewrite_rejects_paren_body ... ok
test parse::rewrite::tests::test_validate_and_rewrite_show ... ok
test parse::rewrite::tests::test_validate_and_rewrite_yaml_file ... ok
test parse::rewrite::tests::test_validate_and_rewrite_yaml_file_case_insensitive ... ok
test parse::rewrite::tests::test_validate_and_rewrite_yaml_inline_still_works ... ok
test parse::rewrite::tests::test_validate_rewrite_alter_if_exists_set_comment ... ok
test parse::rewrite::tests::test_validate_rewrite_alter_if_exists_unset_comment ... ok
test parse::rewrite::tests::test_validate_rewrite_alter_missing_operation ... ok
test parse::rewrite::tests::test_validate_rewrite_alter_rename_unchanged ... ok
test parse::rewrite::tests::test_validate_rewrite_alter_set_comment ... ok
test parse::rewrite::tests::test_validate_rewrite_alter_set_comment_escaped_quotes ... ok
test parse::rewrite::tests::test_validate_rewrite_alter_unset_comment ... ok
test parse::rewrite::tests::test_validate_rewrite_alter_unsupported_operation ... ok
test parse::rewrite::tests::test_yaml_rewrite_base_table_populated ... ok
test parse::rewrite::tests::test_yaml_rewrite_basic_create ... ok
test parse::rewrite::tests::test_yaml_rewrite_comment_override ... ok
test parse::rewrite::tests::test_yaml_rewrite_create_if_not_exists ... ok
test parse::rewrite::tests::test_yaml_rewrite_create_or_replace ... ok
test parse::rewrite::tests::test_yaml_rewrite_invalid_yaml ... ok
test parse::rewrite::tests::test_yaml_rewrite_tagged_dollar_quote ... ok
test parse::rewrite::tests::test_yaml_rewrite_trailing_content_rejected ... ok
test parse::rewrite::tests::validate_and_rewrite_with_leading_comment_succeeds ... ok
test parse::rewrite::tests::write_error_to_buffer_handles_short_string ... ok
test parse::rewrite::tests::write_error_to_buffer_truncates_at_char_boundary ... ok
test parse::show_clauses::tests::filter_suffix_escapes_single_quotes ... ok
test parse::show_clauses::tests::filter_suffix_plain_values_and_limit_unchanged ... ok
test query::wire::tests::build_execution_sql_no_columns_returns_input ... ok
test query::wire::tests::build_execution_sql_quotes_embedded_double_quote ... ok
test query::wire::tests::build_execution_sql_wraps_with_casts_and_passthrough ... ok
test query::wire::tests::cast_sql_complex_types_declared_varchar ... ok
test query::wire::tests::cast_sql_decimal_and_list_pass_through ... ok
test query::wire::tests::cast_sql_hugeint_downcasts_to_bigint ... ok
test query::wire::tests::cast_sql_timestamp_tz_uses_short_name ... ok
test query::wire::tests::cast_sql_unknown_type_passes_through ... ok
test query::wire::tests::parse_varchar_list_does_not_overallocate_on_corrupt_count ... ok
test query::wire::tests::parse_varchar_list_empty_buffer_is_empty_vec ... ok
test query::wire::tests::parse_varchar_list_null_buffer ... ok
test query::wire::tests::parse_varchar_list_rejects_element_overrunning_buffer ... ok
test query::wire::tests::parse_varchar_list_rejects_short_count_prefix ... ok
test query::wire::tests::parse_varchar_list_rejects_trailing_bytes ... ok
test query::wire::tests::parse_varchar_list_rejects_truncated_element_length ... ok
test query::wire::tests::parse_varchar_list_roundtrips_via_decode ... ok
test query::wire::tests::serialize_register_payload_empty_columns ... ok
test query::wire::tests::serialize_register_payload_rejects_slice_desync ... ok
test query::wire::tests::serialize_register_payload_roundtrips ... ok
test render_ddl::tests::test_clause_ordering ... ok
test render_ddl::tests::test_comment_with_single_quote ... ok
test render_ddl::tests::test_derived_metric_no_source_table ... ok
test render_ddl::tests::test_emit_comment_helper ... ok
test render_ddl::tests::test_emit_synonyms_helper ... ok
test render_ddl::tests::test_empty_tables_error ... ok
test render_ddl::tests::test_facts ... ok
test render_ddl::tests::test_materializations_clause_ordering ... ok
test render_ddl::tests::test_materializations_ddl_roundtrip ... ok
test render_ddl::tests::test_materializations_emitted_when_present ... ok
test render_ddl::tests::test_materializations_omitted_when_empty ... ok
test render_ddl::tests::test_minimal_view ... ok
test render_ddl::tests::test_multi_column_fk ... ok
test render_ddl::tests::test_multiple_using_relationships ... ok
test render_ddl::tests::test_non_additive_by_desc_nulls_first ... ok
test render_ddl::tests::test_non_additive_by_roundtrip ... ok
test render_ddl::tests::test_non_additive_by_single_dim_default_order ... ok
test render_ddl::tests::test_non_additive_by_with_using ... ok
test render_ddl::tests::test_object_comments ... ok
test render_ddl::tests::test_omits_facts_when_empty ... ok
test render_ddl::tests::test_omits_relationships_when_empty ... ok
test render_ddl::tests::test_private_fact ... ok
test render_ddl::tests::test_private_metric ... ok
test render_ddl::tests::test_ref_columns_bare_vs_quoted_logical_match_is_omitted ... ok
test render_ddl::tests::test_ref_columns_emitted_when_differing_from_target_pk ... ok
test render_ddl::tests::test_ref_columns_omitted_when_matching_target_pk ... ok
test render_ddl::tests::test_ref_columns_quoted_case_difference_is_emitted ... ok
test render_ddl::tests::test_relationships ... ok
test render_ddl::tests::test_render_fixpoint_fuzz_seed_empty_alias_and_table ... ok
test render_ddl::tests::test_render_fixpoint_fuzz_seed_nul_alias_empty_pk ... ok
test render_ddl::tests::test_render_fixpoint_unique_constraint_column_with_comma ... ok
test render_ddl::tests::test_synonym_with_single_quote ... ok
test render_ddl::tests::test_synonyms ... ok
test render_ddl::tests::test_unique_constraints ... ok
test render_ddl::tests::test_using_relationships ... ok
test render_ddl::tests::test_view_comment ... ok
test render_ddl::tests::test_view_name_bare_when_safe ... ok
test render_ddl::tests::test_view_name_quoted_when_needed ... ok
test render_ddl::tests::test_window_spec_basic_emission ... ok
test render_ddl::tests::test_window_spec_partition_by_explicit ... ok
test render_ddl::tests::test_window_spec_roundtrip ... ok
test render_ddl::tests::test_window_spec_with_frame_clause ... ok
test render_yaml::tests::handles_all_metadata_annotations ... ok
test render_yaml::tests::handles_definition_with_materializations ... ok
test render_yaml::tests::handles_empty_definition ... ok
test render_yaml::tests::handles_semi_additive_and_window_metrics ... ok
test render_yaml::tests::preserves_user_facing_fields ... ok
test render_yaml::tests::roundtrip_export_reimport_equal ... ok
test render_yaml::tests::strips_created_on ... ok
test expr_tokens::tests::scanning_is_total ... ok
test render_yaml::tests::strips_database_name ... ok
test sql_lit::tests::display_emits_escaped_text_verbatim ... ok
test sql_lit::tests::escape_doubles_single_quotes ... ok
test render_yaml::tests::strips_schema_name ... ok
test sql_lit::tests::escaped_text_has_no_lone_single_quote ... ok
test model::tests::yaml_tests::size_cap_accepts_exactly_1mb ... ok
test tests::access_mode_writable_returns_automatic_or_read_write ... ok
test tests::duckdb_version_pins_agree ... ok
test util::tests::blank_comments_and_dollar_tag_agree_on_validity ... ok
test util::tests::blank_comments_block_comment_nested ... ok
test util::tests::blank_comments_dollar_parameter_not_a_tag ... ok
test util::tests::blank_comments_escaped_quote_in_string ... ok
test util::tests::blank_comments_line_comment ... ok
test util::tests::blank_comments_markers_inside_dollar_quotes_inert ... ok
test util::tests::blank_comments_markers_inside_quoted_ident_inert ... ok
test util::tests::blank_comments_markers_inside_string_inert ... ok
test util::tests::blank_comments_multibyte_inside_comment ... ok
test util::tests::blank_comments_no_comments_borrows ... ok
test util::tests::blank_comments_quote_inside_comment_inert ... ok
test util::tests::blank_comments_unterminated_block_blanks_to_end ... ok
test util::tests::byte_offset_within_handles_multibyte_token ... ok
test util::tests::byte_offset_within_returns_slice_offset ... ok
test util::tests::dollar_tag_rejects_invalid_openers ... ok
test util::tests::dollar_tag_valid_forms ... ok
test util::tests::empty_names_returns_none ... ok
test util::tests::exact_match_always_suggests ... ok
test util::tests::ident_byte_is_the_single_boundary_definition ... ok
test util::tests::keyword_ci_matches_case_insensitively ... ok
test util::tests::keyword_ci_no_panic_on_multibyte_straddle ... ok
test util::tests::keyword_ci_rejects_shorter_input ... ok
test util::tests::quoted_prefix_basic ... ok
test util::tests::quoted_prefix_empty_literal ... ok
test util::tests::quoted_prefix_errors ... ok
test util::tests::quoted_prefix_escaped_quote ... ok
test util::tests::quoted_prefix_non_ascii_content_survives ... ok
test tests::access_mode_lowercased_on_readonly_open ... ok
test util::tests::quoted_prefix_roundtrips_arbitrary_content ... ok
test util::tests::suggestion_is_always_valid_name ... ok
test parse::rewrite::tests::test_plan_ddl_create_is_unreachable - should panic ... ok
test tests::duckdb_derived_pins_agree ... ok

test result: ok. 1318 passed; 0 failed; 0 ignored; 0 measured; 0 filtered out; finished in 6.56s

